,brand,model,processor_brand,processor_name,processor_gnrtn,ram_gb,ram_type,ssd,hdd,os,os_bit,graphic_card_gb,weight,display_size,warranty,Touchscreen,msoffice,star_rating,ratings,latest_price
0,Lenovo,A6-9225,AMD,A6-9225 Processor,10.0,4,DDR4,0,1025,Windows,64,0,ThinNlight,15.12,0,No,No,3.7,63,303.76
1,Lenovo,Ideapad,AMD,APU Dual,10.0,4,DDR4,0,512,Windows,64,0,Casual,15.12,0,No,No,3.6,1894,238.12
2,Avita,PURA,AMD,APU Dual,10.0,4,DDR4,128,0,Windows,64,0,ThinNlight,15.12,0,No,No,3.7,1153,242.98
3,Avita,PURA,AMD,APU Dual,10.0,4,DDR4,128,0,Windows,64,0,ThinNlight,15.12,0,No,No,3.7,1153,261.21
4,Avita,PURA,AMD,APU Dual,10.0,4,DDR4,256,0,Windows,64,0,ThinNlight,15.12,0,No,No,3.7,1657,303.76
5,Avita,PURA,AMD,APU Dual,10.0,8,DDR4,256,0,Windows,64,0,ThinNlight,14.0,0,No,No,3.7,1657,303.76
6,HP,APU,AMD,APU Dual,10.0,4,DDR4,0,1025,Windows,32,0,Casual,14.0,0,No,No,3.9,1185,254.04
7,Lenovo,APU,AMD,APU Dual,10.0,4,DDR4,0,1025,Windows,64,0,Casual,15.12,0,No,No,3.9,219,266.15
8,HP,Athlon,AMD,Athlon Dual,10.0,32,DDR4,32,0,Windows,32,4,Casual,14.0,0,No,No,0.0,0,326.96
9,acer,Aspire,AMD,Athlon Dual,10.0,4,DDR4,256,0,Windows,64,0,Casual,15.12,1,No,No,4.2,76,388.84
10,ASUS,ExpertBook,Intel,Core i3,10.0,4,DDR4,0,1025,Windows,64,0,Casual,15.6,0,No,No,2.3,3,421.16
11,Lenovo,Missing,Intel,Core i3,10.0,4,DDR4,0,1025,Windows,64,0,Casual,15.12,0,No,No,3.8,65,474.04
12,Lenovo,v15,Intel,Core i3,10.0,4,DDR4,0,1025,Windows,64,0,Casual,15.6,0,No,No,3.1,8,486.19
13,ASUS,ExpertBook,Intel,Core i5,8.0,8,DDR4,512,0,Windows,32,2,Casual,15.12,0,No,No,0.0,0,850.74
14,ASUS,VivoBook,Intel,Celeron Dual,2.0,4,DDR4,0,512,Windows,64,0,Casual,15.12,0,No,No,0.0,0,328.07
15,ASUS,EeeBook,Intel,Celeron Dual,2.0,4,DDR4,0,512,Windows,64,0,Casual,15.12,0,No,No,0.0,0,279.45
16,ASUS,EeeBook,Intel,Celeron Dual,2.0,4,DDR4,0,512,Windows,32,0,Casual,15.12,0,No,No,3.5,31,267.29
17,ASUS,ExpertBook,Intel,Core i5,8.0,8,DDR4,0,1025,Windows,32,2,Casual,14.0,0,No,No,0.0,0,714.71
18,Lenovo,Missing,Intel,Core i5,8.0,4,DDR4,0,1025,Windows,32,0,Casual,14.0,0,No,No,0.0,0,607.74
19,acer,Aspire,AMD,Ryzen,10.0,4,DDR4,0,512,Windows,32,4,Casual,15.12,0,No,No,4.5,3190,668.41
20,acer,Nitro,AMD,Ryzen 5,11.0,4,DDR4,0,512,Windows,32,4,Casual,15.12,0,No,No,4.5,1946,729.18
21,acer,Nitro,AMD,Ryzen 5,11.0,4,DDR4,0,512,Windows,32,6,Casual,15.12,0,No,No,4.5,259,1138.93
22,acer,Nitro,AMD,Ryzen 5,11.0,4,DDR4,0,512,Windows,32,4,Casual,15.12,0,No,No,4.5,425,887.2
23,Avita,Cosmos,Intel,Celeron Dual,2.0,4,DDR4,0,512,Windows,64,0,Casual,15.12,0,No,No,3.6,1120,212.59
24,ASUS,EeeBook,Intel,Celeron Dual,2.0,4,DDR4,0,512,Windows,64,0,Casual,15.12,0,No,No,0.0,0,279.45
25,ASUS,ExpertBook,Intel,Core i3,11.0,4,DDR4,256,0,Windows,64,0,Casual,15.12,0,No,No,0.0,0,437.46
26,HP,x360,Intel,Core i3,11.0,8,DDR4,256,0,Windows,64,0,Casual,14.0,1,Yes,No,0.0,0,686.64
27,HP,x360,Intel,Core i5,8.0,8,DDR4,256,0,Windows,64,0,Casual,14.0,1,No,No,0.0,0,794.82
28,Lenovo,IdeaPad,Intel,Celeron Dual,2.0,4,DDR4,256,0,Windows,64,0,ThinNlight,14.0,0,No,No,4.0,286,388.95
29,HP,Celeron,Intel,Celeron Dual,2.0,8,DDR4,256,0,Windows,64,0,ThinNlight,14.0,0,No,No,4.0,58,394.92
30,Lenovo,IdeaPad,Intel,Celeron Dual,2.0,4,DDR4,256,0,Windows,64,0,ThinNlight,15.12,0,No,No,0.0,0,386.52
31,ASUS,VivoBook,Intel,Celeron Dual,2.0,4,DDR4,256,0,Windows,64,0,Casual,15.12,0,No,No,4.0,7,363.32
32,ASUS,Celeron,Intel,Celeron Dual,2.0,4,DDR4,0,1025,Windows,64,0,Casual,15.6,1,No,No,3.8,15279,291.6
33,HP,15q,Intel,Core i3,7.0,4,DDR4,0,1025,Windows,64,0,Casual,15.6,0,No,No,4.2,311,400.57
34,HP,250-G6,Intel,Core i5,8.0,4,DDR4,0,1025,Windows,32,2,Casual,15.6,0,No,No,4.2,47,561.57
35,ASUS,Missing,Intel,Core i3,11.0,4,DDR4,256,0,Windows,64,0,ThinNlight,14.0,0,No,No,4.1,37,418.49
36,Lenovo,IdeaPad,Intel,Core i3,10.0,8,DDR4,256,0,Windows,32,0,ThinNlight,15.6,2,No,Yes,4.3,2080,461.77
37,ASUS,VivoBook,Intel,Core i3,11.0,4,DDR4,256,0,Windows,32,0,Casual,15.6,1,No,Yes,4.3,1479,437.46
38,ASUS,VivoBook,Intel,Core i3,10.0,8,DDR4,256,0,Windows,64,0,ThinNlight,14.0,0,No,No,4.4,67,413.03
39,HP,Missing,Intel,Core i3,11.0,8,DDR4,256,0,Windows,64,0,ThinNlight,14.0,1,No,Yes,4.2,273,486.08
40,DELL,Vostro,Intel,Core i3,10.0,8,DDR4,256,0,Windows,64,0,ThinNlight,14.0,1,No,Yes,4.3,1267,480.0
41,RedmiBook,15,Intel,Core i3,11.0,8,DDR4,256,0,Windows,32,0,ThinNlight,15.6,1,No,No,4.3,1063,473.93
42,HP,Pavilion,Intel,Core i3,11.0,8,DDR4,256,0,Windows,64,0,Casual,14.0,1,Yes,Yes,4.6,14,656.25
43,acer,Aspire,Intel,Core i3,11.0,8,DDR4,256,0,Windows,64,0,ThinNlight,15.6,1,No,No,0.0,0,473.93
44,realme,Book,Intel,Core i3,11.0,8,DDR4,256,0,Windows,64,0,ThinNlight,14.0,1,No,Yes,4.4,6352,571.17
45,ASUS,Missing,Intel,Core i3,11.0,8,DDR4,256,0,Windows,64,0,ThinNlight,15.6,1,No,No,4.3,284,461.77
46,ASUS,VivoBook,Intel,Core i3,11.0,8,DDR4,256,0,Windows,64,0,Casual,14.0,1,No,Yes,4.6,44,460.56
47,Lenovo,IdeaPad,Intel,Core i3,11.0,8,DDR4,256,0,Windows,64,0,ThinNlight,14.0,1,No,No,4.2,33,473.93
48,Lenovo,IdeaPad,Intel,Core i3,10.0,8,DDR4,256,0,Windows,64,0,ThinNlight,14.0,0,No,No,4.2,286,461.77
49,DELL,Vostro,Intel,Core i3,11.0,8,DDR4,256,0,Windows,64,0,ThinNlight,14.96,1,No,Yes,3.6,10,510.39
50,ASUS,VivoBook,Intel,Core i3,11.0,8,DDR4,256,0,Windows,64,0,Casual,15.6,1,No,No,4.5,816,559.01
51,Lenovo,IdeaPad,Intel,Core i3,11.0,8,DDR4,256,0,Windows,64,0,ThinNlight,15.6,1,No,No,4.3,543,486.08
52,DELL,Inspiron,Intel,Core i3,11.0,8,DDR4,256,0,Windows,64,0,ThinNlight,15.6,0,No,No,4.8,9,516.47
53,Infinix,INBook,Intel,Core i3,10.0,8,LPDDR4X,256,0,Windows,64,0,ThinNlight,14.0,0,No,No,4.3,1221,401.0
54,DELL,Vostro,Intel,Core i3,10.0,4,DDR4,256,0,Windows,64,0,ThinNlight,14.0,1,No,Yes,4.3,1178,449.62
55,Lenovo,Ideapad,Intel,Core i3,11.0,8,DDR4,256,0,Windows,64,0,Casual,14.0,1,Yes,Yes,4.4,299,656.25
56,ASUS,VivoBook,Intel,Core i3,11.0,8,DDR4,256,0,Windows,64,0,ThinNlight,14.0,0,No,No,4.4,20,449.62
57,Lenovo,IdeaPad,Intel,Core i3,10.0,4,DDR4,256,0,Windows,64,0,Casual,15.6,2,No,No,4.3,758,473.32
58,DELL,Inspiron,Intel,Core i3,10.0,4,DDR4,256,0,Windows,64,0,Casual,15.0,1,No,Yes,4.4,634,480.0
59,ASUS,VivoBook,Intel,Core i3,11.0,8,DDR4,256,0,Windows,64,0,Casual,15.6,1,No,No,4.5,816,559.01
60,Lenovo,Ideapad,Intel,Core i3,10.0,8,DDR4,256,0,Windows,64,0,Casual,15.6,2,No,Yes,5.0,4,486.19
61,DELL,Inspiron,Intel,Core i3,11.0,8,DDR4,256,0,Windows,64,0,ThinNlight,15.6,1,No,No,4.3,17,522.55
62,DELL,Inspiron,Intel,Core i3,11.0,8,DDR4,256,0,Windows,64,0,Casual,14.0,1,Yes,No,4.2,24,607.63
63,DELL,Vostro,Intel,Core i3,11.0,8,DDR4,256,0,Windows,64,0,ThinNlight,14.0,1,No,Yes,4.3,1753,504.32
64,DELL,Inspiron,Intel,Core i3,11.0,8,DDR4,256,0,Windows,64,0,ThinNlight,14.96,0,No,No,4.2,216,510.39
65,Lenovo,Ideapad,Intel,Core i3,11.0,8,DDR4,256,0,Windows,64,0,ThinNlight,14.0,1,No,Yes,4.4,1084,510.39
66,Infinix,INBook,Intel,Core i3,10.0,8,LPDDR4X,256,0,Windows,64,0,ThinNlight,14.0,0,No,No,4.3,1221,401.0
67,ASUS,VivoBook,Intel,Core i3,11.0,8,DDR4,256,0,Windows,64,0,Casual,15.6,1,No,No,3.8,19,467.85
68,Lenovo,Missing,Intel,Core i3,11.0,4,DDR4,256,0,Windows,64,0,ThinNlight,15.0,1,No,Yes,4.4,106,473.93
69,Lenovo,ThinkPad,Intel,Core i3,11.0,4,DDR4,256,0,Windows,64,0,Casual,15.6,1,No,Yes,4.1,42,546.86
70,Lenovo,IdeaPad,Intel,Core i3,10.0,4,DDR4,256,0,Windows,64,0,ThinNlight,14.0,0,No,No,0.0,0,443.54
71,Lenovo,Missing,Intel,Core i3,10.0,8,DDR4,256,0,Windows,32,0,Casual,15.6,0,No,No,0.0,0,473.68
72,HP,Missing,Intel,Core i3,11.0,4,DDR4,256,0,Windows,64,0,ThinNlight,15.12,1,No,Yes,4.2,1029,545.76
73,MSI,Missing,Intel,Core i3,10.0,4,DDR4,256,0,Windows,64,0,ThinNlight,15.12,0,No,No,4.5,53,473.93
74,DELL,Vostro,Intel,Core i3,11.0,4,DDR4,256,0,Windows,64,0,ThinNlight,15.12,0,No,No,0.0,0,540.01
75,ASUS,VivoBook,Intel,Core i3,10.0,4,DDR4,256,0,Windows,64,0,Casual,15.12,1,No,No,0.0,0,437.46
76,Lenovo,Ideapad,Intel,Core i3,10.0,4,DDR4,256,0,Windows,64,0,Casual,15.12,1,No,Yes,3.9,48,488.63
77,Lenovo,Missing,Intel,Core i3,10.0,4,DDR4,256,0,Windows,32,0,Casual,15.12,0,No,No,3.7,3,498.24
78,DELL,Inspiron,Intel,Core i3,10.0,4,DDR4,256,0,Windows,64,0,ThinNlight,15.12,1,No,No,0.0,0,516.47
79,realme,Book,Intel,Core i3,11.0,4,DDR4,256,0,Windows,64,0,ThinNlight,15.12,1,No,Yes,4.4,6352,583.43
80,acer,Chromebook,Intel,Celeron Dual,2.0,4,DDR4,0,512,Windows,32,0,Casual,15.12,0,No,No,3.3,61,291.6
81,DELL,Missing,Intel,Core i3,11.0,4,DDR4,256,0,Windows,64,0,Casual,15.12,0,Yes,No,4.3,97,875.15
82,ASUS,VivoBook,Intel,Core i3,11.0,4,DDR4,256,0,Windows,64,0,Casual,15.12,1,No,No,4.4,181,486.08
83,Lenovo,IdeaPad,Intel,Core i3,10.0,4,DDR4,256,0,Windows,64,0,Casual,15.12,1,No,Yes,4.4,529,510.49
84,ASUS,Missing,Intel,Core i3,11.0,4,DDR4,256,0,Windows,32,0,Casual,15.12,0,No,No,0.0,0,510.39
85,Lenovo,Ideapad,Intel,Core i3,10.0,4,DDR4,256,0,Windows,64,0,Casual,15.12,2,No,Yes,0.0,0,486.19
86,ASUS,Commercial,Intel,Core i3,10.0,4,DDR4,256,0,Windows,32,0,Casual,15.12,0,No,No,0.0,0,486.08
87,Lenovo,Ideapad,Intel,Core i3,11.0,4,DDR4,256,0,Windows,64,0,Casual,15.12,0,No,No,4.2,10,486.18
88,HP,14s,Intel,Core i3,11.0,4,DDR4,256,0,Windows,64,0,ThinNlight,15.12,1,No,Yes,4.4,5205,516.47
89,Lenovo,Missing,Intel,Core i3,10.0,4,DDR4,256,0,Windows,32,0,Casual,15.12,0,No,No,3.7,3,510.39
90,ASUS,Missing,Intel,Core i3,11.0,4,DDR4,256,0,Windows,32,0,Casual,15.12,0,No,No,0.0,0,589.4
91,HP,Missing,Intel,Core i3,11.0,4,DDR4,256,0,Windows,64,0,ThinNlight,15.12,1,No,Yes,4.2,1090,539.39
92,DELL,Missing,Intel,Core i3,11.0,4,DDR4,256,0,Windows,32,0,Casual,15.12,0,No,No,0.0,0,533.61
93,DELL,INSPIRON,Intel,Core i3,11.0,4,DDR4,256,0,Windows,64,0,Casual,15.12,1,No,No,0.0,0,567.52
94,Lenovo,Missing,Intel,Core i3,10.0,4,DDR4,256,0,Windows,32,0,Casual,15.12,0,No,No,5.0,1,498.24
95,DELL,Inspiron,Intel,Core i3,10.0,4,DDR4,256,0,Windows,64,0,ThinNlight,15.12,1,No,No,4.0,44,486.08
96,Lenovo,V15,Intel,Core i3,11.0,4,DDR4,256,0,Windows,64,0,ThinNlight,15.12,0,No,No,0.0,0,534.7
97,ASUS,VivoBook,Intel,Core i3,11.0,4,DDR4,256,0,Windows,64,0,ThinNlight,15.12,1,No,No,4.5,70,449.62
98,DELL,Missing,Intel,Core i3,11.0,8,DDR4,256,0,Windows,64,0,Casual,15.6,1,No,No,0.0,0,589.52
99,ASUS,VivoBook,Intel,Core i3,11.0,8,DDR4,256,0,Windows,64,0,Casual,15.6,0,No,No,0.0,0,595.48
100,ASUS,Chromebook,Intel,Celeron Dual,2.0,4,LPDDR4,0,512,Windows,32,0,Casual,15.12,0,No,No,4.2,632,285.52
101,HP,Pavilion,Intel,Core i3,8.0,4,DDR4,256,0,Windows,64,0,Casual,14.0,1,Yes,Yes,4.4,71,659.27
102,ASUS,VivoBook,Intel,Core i3,10.0,8,DDR4,512,0,Windows,64,0,Casual,15.6,1,No,No,4.3,990,461.77
103,HP,Missing,Intel,Core i3,11.0,8,DDR4,512,0,Windows,64,0,ThinNlight,15.6,1,No,Yes,4.4,158,522.55
104,HP,Missing,Intel,Core i3,11.0,8,DDR4,512,0,Windows,64,0,ThinNlight,15.6,1,No,Yes,4.3,681,522.55
105,ASUS,VivoBook,Intel,Core i3,10.0,4,DDR4,512,0,Windows,64,0,Casual,15.6,1,No,No,4.4,130,437.46
106,RedmiBook,15,Intel,Core i3,11.0,8,DDR4,512,0,Windows,32,0,ThinNlight,15.6,1,No,No,4.3,1063,522.55
107,ASUS,VivoBook,Intel,Core i3,11.0,8,DDR4,512,0,Windows,64,0,Casual,14.0,1,No,No,4.3,30,522.55
108,ASUS,VivoBook,Intel,Core i3,11.0,8,LPDDR4X,512,0,Windows,32,0,Casual,14.0,1,Yes,Yes,4.7,6,631.94
109,ASUS,VivoBook,Intel,Core i3,11.0,8,DDR4,512,0,Windows,64,0,Casual,15.6,1,No,No,4.5,174,595.48
110,ASUS,VivoBook,Intel,Core i3,11.0,8,DDR4,512,0,Windows,64,0,Casual,14.0,1,No,No,4.5,40,522.55
111,Lenovo,Missing,Intel,Core i3,10.0,8,DDR4,512,0,Windows,64,0,ThinNlight,15.6,1,No,No,3.9,13,473.93
112,DELL,Inspiron,Intel,Core i3,11.0,8,DDR4,512,0,Windows,64,0,ThinNlight,14.96,0,No,No,4.3,184,559.01
113,HP,Missing,Intel,Core i3,10.0,8,DDR4,512,0,Windows,64,0,ThinNlight,15.6,1,No,Yes,4.3,1296,516.47
114,HP,Missing,Intel,Core i3,11.0,8,DDR4,512,0,Windows,64,0,ThinNlight,15.6,1,No,Yes,4.3,571,534.46
115,ASUS,Missing,Intel,Core i3,10.0,4,DDR4,512,0,Windows,64,0,ThinNlight,15.6,1,No,Yes,4.3,2551,486.08
116,MSI,Missing,Intel,Core i3,11.0,8,DDR4,512,0,Windows,64,0,ThinNlight,14.0,0,No,No,4.5,17,595.48
117,HP,Pavilion,Intel,Core i3,11.0,8,DDR4,512,0,Windows,64,0,Casual,14.0,1,No,Yes,4.5,35,668.41
118,MSI,Missing,Intel,Core i3,10.0,8,DDR4,512,0,Windows,64,0,ThinNlight,14.0,0,No,No,4.4,118,498.24
119,ASUS,VivoBook,Intel,Core i3,11.0,8,DDR4,512,0,Windows,64,0,ThinNlight,14.1,1,No,Yes,0.0,0,510.39
120,Lenovo,IdeaPad,Intel,Core i3,11.0,8,DDR4,512,0,Windows,64,0,ThinNlight,14.0,1,Yes,No,4.5,245,668.41
121,ASUS,VivoBook,Intel,Core i3,11.0,8,DDR4,512,0,Windows,64,0,Casual,14.0,1,No,Yes,4.4,2058,546.86
122,HP,Missing,Intel,Core i3,11.0,8,DDR4,512,0,Windows,64,0,Casual,15.6,1,No,No,4.1,117,501.4
123,HP,Missing,Intel,Core i3,11.0,8,DDR4,512,0,Windows,64,0,ThinNlight,14.0,0,No,No,0.0,0,546.86
124,ASUS,VivoBook,Intel,Core i3,11.0,8,DDR4,512,0,Windows,64,0,Casual,14.0,1,No,No,4.7,74,522.55
125,DELL,Missing,Intel,Core i3,11.0,8,DDR4,512,0,Windows,64,0,Casual,14.0,1,Yes,No,4.4,10,738.91
126,HP,Missing,Intel,Core i3,11.0,8,DDR4,512,0,Windows,64,0,Casual,15.6,0,No,No,4.1,39,554.88
127,DELL,Vostro,Intel,Core i3,10.0,8,DDR4,512,0,Windows,64,0,ThinNlight,14.0,1,No,Yes,3.9,29,510.39
128,DELL,Inspiron,Intel,Core i3,10.0,8,DDR4,512,0,Windows,64,0,ThinNlight,15.6,1,No,No,4.2,43,552.94
129,ASUS,VivoBook,Intel,Core i3,11.0,8,DDR4,512,0,Windows,64,0,ThinNlight,14.1,1,No,Yes,0.0,0,546.86
130,Lenovo,IdeaPad,Intel,Core i3,11.0,8,DDR4,512,0,Windows,64,0,ThinNlight,15.6,2,No,Yes,4.4,984,522.55
131,HP,15s,Intel,Core i3,11.0,4,DDR4,512,0,Windows,64,0,ThinNlight,15.12,1,No,Yes,4.3,523,552.94
132,HP,Missing,Intel,Core i3,10.0,4,DDR4,512,0,Windows,32,0,Casual,15.12,0,No,No,4.4,30,471.61
133,HP,Pavilion,Intel,Core i3,11.0,4,DDR4,512,0,Windows,64,0,Casual,15.12,1,Yes,Yes,0.0,0,841.95
134,ASUS,VivoBook,Intel,Core i3,11.0,4,DDR4,512,0,Windows,64,0,Casual,15.12,1,No,Yes,0.0,0,627.8
135,HP,Missing,Intel,Core i3,11.0,4,DDR4,512,0,Windows,64,0,ThinNlight,15.12,1,No,Yes,4.3,1605,583.32
136,ASUS,VivoBook,Intel,Core i3,10.0,4,DDR4,512,0,Windows,64,0,Casual,15.12,1,No,No,4.4,4008,498.24
137,ASUS,Missing,Intel,Core i3,10.0,4,DDR4,512,0,Windows,64,0,ThinNlight,15.12,1,No,Yes,4.4,1869,522.55
138,ASUS,VivoBook,Intel,Core i3,11.0,4,DDR4,512,0,Windows,64,0,Casual,15.12,1,No,No,3.9,7,545.64
139,ASUS,VivoBook,Intel,Core i3,10.0,4,DDR4,512,0,Windows,64,0,Casual,15.12,1,No,No,4.4,4008,504.32
140,HP,15s,Intel,Core i3,11.0,4,DDR4,512,0,Windows,32,0,ThinNlight,15.12,1,No,No,0.0,0,619.79
141,HP,Missing,Intel,Core i3,11.0,4,DDR4,512,0,Windows,64,0,ThinNlight,15.12,1,No,Yes,4.3,1278,594.38
142,ASUS,VivoBook,Intel,Core i3,10.0,4,DDR4,512,0,Windows,64,0,Casual,15.12,1,No,No,4.4,4008,498.24
143,DELL,Vostro,Intel,Core i3,10.0,4,DDR4,512,0,Windows,64,0,Casual,15.12,0,No,No,0.0,0,507.96
144,Lenovo,Ideapad,Intel,Core i3,11.0,4,DDR4,512,0,Windows,64,0,Casual,15.12,1,Yes,Yes,3.4,10,704.98
145,DELL,Inspiron,Intel,Core i3,11.0,8,DDR4,512,0,Windows,64,0,ThinNlight,15.6,0,No,No,0.0,0,558.28
146,HP,Pavilion,Intel,Core i3,11.0,8,DDR4,512,0,Windows,64,0,Casual,14.0,1,Yes,Yes,4.3,143,674.49
147,ASUS,VivoBook,Intel,Core i3,10.0,8,DDR4,0,1025,Windows,64,0,Casual,14.1,1,No,No,3.9,28,399.78
148,Lenovo,IdeaPad,Intel,Core i3,10.0,8,DDR4,0,1025,Windows,64,0,ThinNlight,15.6,1,No,Yes,4.0,2124,437.46
149,DELL,Inspiron,Intel,Core i3,11.0,8,DDR4,0,1025,Windows,64,0,ThinNlight,15.6,0,No,No,4.0,276,516.47
150,DELL,Vostro,Intel,Core i3,11.0,8,DDR4,0,1025,Windows,64,0,ThinNlight,14.0,0,No,No,3.9,250,512.82
151,DELL,Vostro,Intel,Core i3,10.0,8,DDR4,0,1025,Windows,64,0,ThinNlight,14.0,1,No,Yes,4.0,1917,480.0
152,HP,15s,Intel,Core i3,11.0,8,DDR4,0,1025,Windows,64,0,ThinNlight,15.6,1,No,Yes,4.1,4999,531.06
153,ASUS,VivoBook,Intel,Core i3,10.0,4,DDR4,0,1025,Windows,64,0,Casual,15.6,1,No,No,3.8,17,437.46
154,DELL,3000,Intel,Core i3,11.0,8,DDR4,0,1025,Windows,32,0,Casual,15.6,0,No,No,4.2,17,532.39
155,Lenovo,Missing,Intel,Core i3,10.0,8,DDR4,0,1025,Windows,32,0,Casual,15.6,0,No,No,0.0,0,473.93
156,ASUS,VivoBook,Intel,Core i3,10.0,4,DDR4,0,1025,Windows,64,0,ThinNlight,15.6,1,No,No,3.7,4203,425.31
157,ASUS,VivoBook,Intel,Core i3,11.0,8,DDR4,0,1025,Windows,64,0,Casual,15.6,1,No,No,3.9,13,472.83
158,DELL,Inspiron,Intel,Core i3,10.0,4,DDR4,0,1025,Windows,64,0,ThinNlight,15.12,1,No,No,3.8,15,486.08
159,DELL,INSPIRON,Intel,Core i3,10.0,4,DDR4,0,1025,Windows,32,0,Casual,15.12,0,No,No,4.0,527,497.02
160,Lenovo,Missing,Intel,Core i3,10.0,4,DDR4,0,1025,Windows,64,0,ThinNlight,15.12,1,No,No,3.7,103,449.62
161,HP,15s,Intel,Core i3,11.0,4,DDR4,0,1025,Windows,64,0,ThinNlight,15.12,1,No,Yes,3.9,324,486.08
162,HP,Missing,Intel,Core i3,11.0,4,DDR4,0,1025,Windows,64,0,ThinNlight,15.12,1,No,Yes,4.0,69,510.39
163,DELL,Missing,Intel,Core i3,11.0,4,DDR4,0,1025,Windows,32,0,Casual,15.12,0,No,No,3.9,16,534.46
164,HP,Notebook,Intel,Core i3,11.0,4,DDR4,0,1025,Windows,64,0,ThinNlight,15.12,1,No,No,3.9,40,483.65
165,ASUS,Missing,Intel,Core i3,10.0,4,DDR4,0,1025,Windows,32,0,ThinNlight,15.12,0,No,No,3.4,12,432.6
166,HP,14s,Intel,Core i3,10.0,4,DDR4,0,1025,Windows,64,0,ThinNlight,15.12,1,No,Yes,3.8,1146,443.54
167,ASUS,VivoBook,Intel,Core i3,10.0,4,DDR4,0,1025,Windows,64,0,ThinNlight,15.12,1,No,Yes,4.0,1850,473.93
168,ASUS,Missing,Intel,Core i3,10.0,4,DDR4,0,1025,Windows,32,0,ThinNlight,15.12,0,No,No,3.7,43,413.15
169,DELL,Inspiron,Intel,Core i3,10.0,4,DDR4,0,1025,Windows,64,0,Casual,15.12,1,No,Yes,4.1,231,527.53
170,ASUS,Chromebook,Intel,Celeron Dual,2.0,4,LPDDR4,0,512,Windows,32,0,Casual,15.12,0,No,No,4.2,502,303.76
171,HP,15s,Intel,Core i3,10.0,4,DDR4,0,1025,Windows,64,0,ThinNlight,15.12,1,No,Yes,4.1,1096,495.32
172,DELL,Inspiron,Intel,Core i3,10.0,4,DDR4,0,1025,Windows,64,0,ThinNlight,15.12,1,No,Yes,4.1,313,522.67
173,ASUS,Vivo,Intel,Core i3,10.0,4,DDR4,0,1025,Windows,64,0,Casual,15.12,0,No,No,4.7,7,461.89
174,DELL,Inspiron,Intel,Core i3,11.0,8,DDR4,0,1025,Windows,64,0,ThinNlight,14.96,1,No,Yes,3.7,265,461.77
175,HP,DA,Intel,Core i3,7.0,8,DDR4,0,1025,Windows,64,2,Casual,15.6,0,No,No,4.5,38,598.99
176,Lenovo,Missing,Intel,Core i3,10.0,8,DDR4,0,1025,Windows,32,0,Casual,15.6,0,No,No,3.6,7,474.04
177,ASUS,Missing,Intel,Core i3,11.0,8,DDR4,0,1025,Windows,32,0,Casual,15.6,0,No,No,3.0,4,504.44
178,acer,Missing,Intel,Core i3,11.0,4,DDR4,0,1025,Windows,32,0,Casual,15.6,0,No,No,0.0,0,449.73
179,DELL,Missing,Intel,Core i3,11.0,8,DDR4,0,1025,Windows,32,0,Casual,15.6,0,No,No,0.0,0,521.45
180,ASUS,Chromebook,Intel,Celeron Dual,2.0,4,LPDDR4,0,512,Windows,32,0,Casual,15.12,0,No,No,3.9,818,261.21
181,DELL,Insprion,Intel,Core i3,11.0,8,DDR4,0,1025,Windows,32,0,Casual,15.6,0,No,No,3.8,25,504.19
182,ASUS,VivoBook,Intel,Core i3,10.0,8,DDR4,0,1025,Windows,64,0,Casual,15.6,0,No,No,2.0,12,401.0
183,ASUS,VivoBook,Intel,Core i3,11.0,8,DDR4,0,1025,Windows,64,0,Casual,15.6,1,No,No,3.2,17,470.16
184,ASUS,Chromebook,Intel,Celeron Dual,2.0,4,LPDDR4,0,512,Windows,32,0,Casual,15.12,0,No,No,4.1,974,291.6
185,DELL,Missing,Intel,Core i3,10.0,8,DDR4,0,1025,Windows,64,0,ThinNlight,14.96,0,No,No,3.2,83,490.94
186,ASUS,VivoBook,Intel,Core i3,10.0,4,DDR4,0,1025,Windows,64,0,ThinNlight,14.1,0,No,No,3.4,31,413.15
187,ASUS,Chromebook,Intel,Celeron Dual,2.0,4,LPDDR4,0,512,Windows,32,0,Casual,15.12,0,No,No,3.9,637,249.06
188,DELL,Vostro,Intel,Core i3,10.0,8,DDR4,256,1025,Windows,64,0,ThinNlight,15.6,1,No,Yes,5.0,7,504.32
189,DELL,Inspiron,Intel,Core i3,11.0,8,DDR4,256,1025,Windows,64,0,Casual,15.6,0,No,No,4.3,207,552.94
190,DELL,Inspiron,Intel,Core i3,11.0,8,DDR4,256,1025,Windows,64,0,Casual,15.6,0,No,No,4.3,844,540.78
191,ASUS,VivoBook,Intel,Core i3,11.0,8,DDR4,256,1025,Windows,64,0,Casual,14.1,1,No,Yes,4.2,53,509.18
192,DELL,Vostro,Intel,Core i3,11.0,4,DDR4,256,1025,Windows,64,0,ThinNlight,14.0,1,No,Yes,4.1,62,522.55
193,acer,Travelmate,Intel,Core i3,11.0,8,DDR4,256,1025,Windows,64,0,Casual,14.0,0,No,No,4.2,38,498.24
194,DELL,Inspiron,Intel,Core i3,11.0,8,DDR4,256,1025,Windows,64,0,ThinNlight,15.6,1,No,No,4.1,724,595.48
195,DELL,Vostro,Intel,Core i3,11.0,4,DDR4,256,1025,Windows,64,0,ThinNlight,15.12,1,No,Yes,0.0,0,529.84
196,DELL,Inspiron,Intel,Core i3,10.0,4,DDR4,256,1025,Windows,64,0,Casual,15.12,1,No,No,4.3,9,543.21
197,ASUS,ExpertBook,Intel,Core i3,10.0,4,DDR4,256,1025,Windows,64,0,Casual,15.12,0,No,No,0.0,0,498.24
198,DELL,Vostro,Intel,Core i3,11.0,4,DDR4,256,1025,Windows,64,0,ThinNlight,15.12,1,No,Yes,0.0,0,534.7
199,DELL,Vostro,Intel,Core i3,11.0,4,DDR4,256,1025,Windows,64,0,ThinNlight,15.12,1,No,Yes,0.0,0,529.84
200,DELL,Vostro,Intel,Core i3,10.0,4,DDR4,256,1025,Windows,64,0,ThinNlight,15.12,1,No,Yes,4.2,56,503.1
201,DELL,Vostro,Intel,Core i3,10.0,4,DDR4,256,1025,Windows,64,0,ThinNlight,15.12,1,No,Yes,0.0,0,538.35
202,DELL,Inspiron,Intel,Core i3,11.0,4,DDR4,256,1025,Windows,64,0,Casual,15.12,1,No,No,0.0,0,595.59
203,DELL,Vostro,Intel,Core i3,11.0,4,DDR4,256,1025,Windows,64,0,ThinNlight,15.12,1,No,Yes,3.9,170,486.08
204,DELL,Missing,Intel,Core i3,10.0,8,DDR4,256,1025,Windows,64,0,ThinNlight,15.6,0,No,No,2.9,95,563.88
205,ASUS,Chromebook,Intel,Celeron Dual,2.0,4,LPDDR4,0,512,Windows,64,0,Casual,15.12,0,No,No,3.6,197,230.83
206,ASUS,Chromebook,Intel,Celeron Dual,2.0,4,LPDDR4,0,512,Windows,32,0,Casual,15.12,0,No,No,3.6,1180,218.67
207,HP,14a,Intel,Celeron Dual,2.0,4,DDR4,0,512,Windows,64,0,Casual,15.12,0,No,No,3.6,232,321.75
208,HP,Chromebook,Intel,Celeron Dual,2.0,4,DDR4,0,512,Windows,64,0,Casual,15.12,0,No,No,3.8,596,340.22
209,Lenovo,Celeron,Intel,Celeron Dual,2.0,4,DDR4,0,1025,Windows,32,0,Casual,15.6,0,No,No,3.3,19,364.64
210,Lenovo,IdeaPad,Intel,Celeron Dual,2.0,4,LPDDR4X,0,512,Windows,64,0,Casual,15.12,0,No,No,3.7,84,315.91
211,Lenovo,IdeaPad,Intel,Celeron Dual,2.0,4,LPDDR4,0,512,Windows,32,0,Casual,15.12,0,No,No,3.4,414,206.52
212,Lenovo,IdeaPad,Intel,Celeron Dual,2.0,4,LPDDR4,0,512,Windows,32,0,Casual,15.12,0,No,No,2.8,70,303.76
214,acer,Aspire,Intel,Core i5,8.0,8,DDR5,0,512,Windows,32,4,Casual,15.12,0,No,No,4.4,10966,619.79
215,acer,Spin,Intel,Core i5,8.0,8,LPDDR4,0,512,Windows,32,0,Casual,15.12,1,No,No,4.0,1,1458.49
216,acer,Swift,Intel,Core i5,8.0,8,LPDDR4,0,512,DOS,32,0,Casual,15.12,0,No,No,4.3,31,1144.89
217,ASUS,ROG,Intel,Core i5,8.0,8,LPDDR4,0,512,DOS,32,4,Casual,15.12,0,No,No,4.5,1881,1290.47
218,DELL,Missing,Intel,Core i5,8.0,8,LPDDR4,0,512,DOS,32,4,Casual,15.12,1,No,No,1.6,23,827.64
219,DELL,XPS,Intel,Core i5,8.0,8,LPDDR4,0,512,DOS,32,0,ThinNlight,15.12,1,No,No,0.0,0,1701.59
220,HP,15s,Intel,Core i5,8.0,8,LPDDR4,0,512,DOS,32,0,ThinNlight,15.12,0,No,No,4.0,818,680.56
221,HP,Omen,Intel,Core i5,8.0,8,LPDDR4,0,512,DOS,32,4,Casual,15.12,0,No,No,0.0,0,1246.52
222,lenovo,Ideapad,Intel,Core i5,8.0,8,LPDDR4,0,512,DOS,32,0,Casual,15.12,0,No,No,4.2,204,887.2
223,Lenovo,Ideapad,Intel,Core i5,8.0,8,LPDDR4,0,512,DOS,32,2,Casual,15.12,0,No,No,4.2,4428,571.17
224,MICROSOFT,Surface,Intel,Core i5,8.0,8,LPDDR4X,128,0,Windows,64,0,Casual,15.12,0,Yes,No,4.4,56,1217.82
225,Smartron,t.book,Intel,Core i5,8.0,8,DDR3,128,0,Windows,64,0,Casual,15.12,0,Yes,No,3.5,30,644.1
226,MICROSOFT,Surface,Intel,Core i5,8.0,8,DDR3,128,0,Windows,64,0,Casual,15.12,0,Yes,No,4.5,49,1118.26
227,Smartron,t.book,Intel,Core i5,8.0,4,DDR3,128,0,Windows,64,0,Casual,12.2,0,Yes,No,3.9,28,644.1
228,HP,Pavilion,Intel,Core i5,8.0,8,DDR4,128,0,Windows,64,0,ThinNlight,13.3,1,No,No,4.3,129,923.93
229,Lenovo,Ideapad,Intel,Core i5,8.0,8,DDR4,256,0,Windows,64,0,Casual,15.6,2,No,Yes,4.3,365,601.56
230,lenovo,Yoga,Intel,Core i5,8.0,8,LPDDR4,0,512,DOS,32,0,Casual,15.12,0,No,No,4.6,79,1251.85
231,acer,Swift,Intel,Core i5,8.0,8,DDR3,256,0,Windows,64,0,ThinNlight,15.12,1,No,Yes,4.4,39,1055.88
232,LG,Gram,Intel,Core i5,8.0,8,DDR4,256,0,Windows,64,0,Casual,15.12,0,No,No,4.5,15,935.82
233,LG,Gram,Intel,Core i5,8.0,8,DDR4,256,0,Windows,64,0,ThinNlight,15.12,0,No,No,0.0,0,935.82
234,ASUS,VivoBook,Intel,Core i5,8.0,8,DDR4,256,0,Windows,64,0,ThinNlight,15.12,1,No,No,0.0,0,595.48
235,LG,Gram,Intel,Core i5,8.0,8,DDR4,256,0,Windows,64,0,Casual,15.12,0,No,No,4.6,68,765.65
236,DELL,Inspiron,Intel,Core i5,8.0,8,DDR4,256,0,Windows,64,0,ThinNlight,15.12,0,No,No,3.3,3,680.56
237,acer,Swift,Intel,Core i5,8.0,8,DDR3,256,0,Windows,64,0,ThinNlight,15.12,1,Yes,Yes,4.0,14,996.69
238,LG,Gram,Intel,Core i5,8.0,8,DDR4,256,0,Windows,64,0,ThinNlight,15.12,0,No,No,0.0,0,935.82
239,HP,Spectre,Intel,Core i5,8.0,8,DDR4,256,0,Windows,64,0,Casual,15.12,1,Yes,Yes,0.0,0,1660.26
240,acer,Swift,Intel,Core i5,8.0,8,DDR4,256,0,Windows,64,0,ThinNlight,13.3,1,No,No,3.5,33,723.11
241,ASUS,VivoBook14,Intel,Core i5,8.0,8,DDR4,256,0,Windows,64,0,ThinNlight,14.1,1,No,No,0.0,0,605.32
242,Lenovo,Ideapad,Intel,Core i5,8.0,8,DDR4,256,0,Windows,64,0,Casual,15.6,1,No,Yes,2.8,4,753.6
243,HP,Missing,Intel,Core i5,8.0,8,DDR4,512,0,Windows,64,0,ThinNlight,15.6,0,No,No,4.2,116,668.41
244,HP,Missing,Intel,Core i5,8.0,8,DDR4,512,0,Windows,64,0,ThinNlight,15.6,1,No,No,4.1,206,656.25
245,Lenovo,Ideapad,Intel,Core i5,8.0,8,DDR4,512,0,Windows,64,0,Casual,14.0,2,No,Yes,4.2,300,644.1
246,HP,Pavilion,Intel,Core i5,8.0,16,DDR4,512,0,Windows,64,0,ThinNlight,14.0,1,No,Yes,4.5,108,826.43
247,ASUS,TUF,Intel,Core i5,8.0,8,DDR4,512,0,Windows,64,4,Gaming,15.6,1,No,No,4.5,3712,704.87
248,Lenovo,Ideapad,Intel,Core i5,8.0,16,DDR4,512,0,Windows,64,0,ThinNlight,15.6,1,No,Yes,4.4,825,757.26
249,realme,Book(Slim),Intel,Core i5,8.0,8,DDR4,512,0,Windows,64,0,Casual,14.0,1,No,Yes,4.4,3470,644.1
250,Lenovo,Missing,Intel,Core i5,8.0,8,DDR4,512,0,Windows,64,0,ThinNlight,15.6,1,No,No,0.0,0,644.1
251,Lenovo,IdeaPad,Intel,Core i5,8.0,8,DDR4,512,0,Windows,64,0,ThinNlight,15.6,2,No,Yes,4.2,85,631.94
252,Lenovo,IdeaPad,Intel,Core i5,8.0,16,DDR4,512,0,Windows,64,0,ThinNlight,14.0,0,No,No,4.2,56,753.49
253,RedmiBook,Pro,Intel,Core i5,8.0,8,DDR4,512,0,Windows,32,0,ThinNlight,15.6,1,No,No,4.2,1708,595.48
254,ASUS,VivoBook,Intel,Core i5,8.0,8,LPDDR4X,512,0,Windows,32,0,Casual,14.0,1,Yes,Yes,4.6,10,777.8
255,Lenovo,ThinkPad,Intel,Core i5,8.0,8,DDR4,512,0,Windows,64,0,Casual,15.6,1,No,Yes,4.6,17,802.11
256,Nokia,PureBook,Intel,Core i5,8.0,8,DDR4,512,0,Windows,64,0,ThinNlight,14.0,0,No,No,4.4,1119,583.32
257,acer,Aspire,Intel,Core i5,8.0,8,DDR4,512,0,Windows,64,0,ThinNlight,15.6,1,No,No,4.2,155,644.1
258,Lenovo,IdeaPad,Intel,Core i5,8.0,8,DDR4,512,0,Windows,64,0,ThinNlight,15.6,1,No,No,0.0,0,607.63
259,ASUS,ASUS,Intel,Core i5,8.0,8,DDR4,512,0,Windows,64,4,Gaming,17.3,0,No,No,4.4,91,875.05
260,ASUS,VivoBook,Intel,Core i5,8.0,8,DDR4,512,0,Windows,64,0,Casual,15.6,1,No,No,4.0,35,583.32
261,Nokia,PureBook,Intel,Core i5,8.0,8,DDR4,512,0,Windows,64,0,ThinNlight,14.0,0,No,No,4.7,6,559.01
262,Lenovo,IdeaPad,Intel,Core i5,8.0,8,DDR4,512,0,Windows,32,0,ThinNlight,15.6,2,No,Yes,4.3,126,589.4
263,ASUS,ASUS,Intel,Core i5,8.0,8,DDR4,512,0,Windows,64,4,Gaming,17.3,0,No,No,4.5,74,887.2
264,MSI,Katana,Intel,Core i5,8.0,16,DDR4,512,0,Windows,64,4,Casual,15.6,2,No,No,4.6,75,935.82
265,ASUS,TUF,Intel,Core i5,8.0,16,DDR4,512,0,Windows,64,6,Gaming,15.6,1,No,Yes,4.6,124,1093.84
266,MSI,GF63,Intel,Core i5,8.0,8,DDR4,512,0,Windows,64,4,Casual,15.6,2,No,No,4.5,1597,729.18
267,ASUS,TUF,Intel,Core i5,8.0,8,DDR4,512,0,Windows,64,4,Gaming,15.6,1,No,Yes,4.4,3850,802.11
268,DELL,Inspiron,Intel,Core i5,8.0,8,DDR4,512,0,Windows,64,0,Casual,14.0,0,Yes,No,4.7,7,875.05
269,DELL,Inspiron,Intel,Core i5,8.0,8,DDR4,512,0,Windows,64,0,Casual,14.0,0,Yes,No,4.3,3,873.83
270,Lenovo,IdeaPad,Intel,Core i5,8.0,16,DDR4,512,0,Windows,64,0,ThinNlight,15.6,0,No,No,0.0,0,789.96
271,ASUS,VivoBook,Intel,Core i5,8.0,16,DDR4,512,0,Windows,64,0,Casual,14.0,1,No,No,0.0,0,802.11
272,HP,Missing,Intel,Core i5,8.0,8,DDR4,512,0,Windows,64,0,ThinNlight,15.6,0,No,No,4.8,5,680.67
273,ASUS,VivoBook,Intel,Core i5,8.0,16,DDR4,512,0,Windows,64,4,Casual,14.0,1,No,No,4.5,213,893.28
274,HP,Pavilion,Intel,Core i5,8.0,16,DDR4,512,0,Windows,64,0,ThinNlight,14.0,1,No,Yes,4.3,10,905.43
275,HP,Pavilion,Intel,Core i5,8.0,8,DDR4,512,0,Windows,64,0,ThinNlight,14.0,1,No,Yes,4.0,69,709.13
276,acer,Aspire,Intel,Core i5,8.0,8,DDR4,512,0,Windows,64,0,ThinNlight,14.0,1,No,No,4.5,6,680.67
277,DELL,Inspiron,Intel,Core i5,8.0,16,DDR4,512,0,Windows,64,0,ThinNlight,14.0,0,No,No,4.4,93,826.43
278,ASUS,VivoBook,Intel,Core i5,8.0,16,DDR4,512,0,Windows,64,0,Casual,14.0,1,No,No,4.5,11,729.18
279,ASUS,TUF,Intel,Core i5,8.0,16,DDR4,512,0,Windows,64,6,Casual,15.6,1,No,Yes,4.4,262,1008.75
280,DELL,Vostro,Intel,Core i5,8.0,8,DDR4,512,0,Windows,64,2,Casual,14.0,1,No,Yes,0.0,0,780.24
281,DELL,Missing,Intel,Core i5,8.0,16,DDR4,512,0,Windows,64,0,ThinNlight,14.0,0,No,No,4.0,5,851.95
282,realme,Book(Slim),Intel,Core i5,8.0,8,DDR4,512,0,Windows,64,0,Casual,14.0,1,No,Yes,4.4,3470,741.45
283,ASUS,Missing,Intel,Core i5,8.0,8,DDR4,512,0,Windows,64,2,ThinNlight,15.6,1,No,No,4.1,45,607.63
284,MSI,Missing,Intel,Core i5,8.0,8,DDR4,512,0,Windows,64,0,ThinNlight,14.0,0,No,No,3.9,8,674.49
285,HP,Spectre,Intel,Core i5,8.0,8,LPDDR4X,512,0,Windows,64,0,Casual,13.3,0,Yes,No,5.0,3,1191.08
286,ASUS,VivoBook,Intel,Core i5,8.0,8,DDR4,512,0,Windows,64,4,Gaming,15.6,1,No,Yes,4.4,1681,668.41
287,Lenovo,Thinkbook,Intel,Core i5,8.0,8,DDR4,512,0,Windows,64,0,ThinNlight,15.0,1,No,Yes,4.3,37,729.18
288,Lenovo,IdeaPad,Intel,Core i5,8.0,8,DDR4,512,0,Windows,64,0,ThinNlight,15.6,1,No,Yes,4.2,61,656.25
289,HP,Pavilion,Intel,Core i5,8.0,16,DDR4,512,0,Windows,64,0,ThinNlight,14.0,1,No,Yes,4.4,17,814.38
290,acer,Intel,Intel,Core i5,8.0,8,LPDDR4X,512,0,Windows,64,0,ThinNlight,14.0,1,No,Yes,4.4,17,741.34
291,ASUS,Missing,Intel,Core i5,8.0,8,DDR4,512,0,Windows,64,0,ThinNlight,15.6,1,No,Yes,4.3,1625,583.32
292,HP,Missing,Intel,Core i5,8.0,8,DDR4,512,0,Windows,32,0,ThinNlight,14.0,1,No,Yes,4.0,4,729.29
293,DELL,G15,Intel,Core i5,8.0,16,DDR4,512,0,Windows,64,4,Casual,15.6,1,No,No,0.0,0,972.29
294,ASUS,TUF,Intel,Core i5,8.0,8,DDR4,512,0,Windows,64,4,Gaming,15.6,1,No,No,0.0,0,777.8
295,HP,Pavilion,Intel,Core i5,8.0,8,DDR4,512,0,Windows,64,0,ThinNlight,15.6,1,No,Yes,4.7,17,777.8
296,ASUS,VivoBook,Intel,Core i5,8.0,16,DDR4,512,0,Windows,64,0,Casual,14.0,1,No,No,0.0,0,729.18
297,Lenovo,IdeaPad,Intel,Core i5,8.0,8,DDR4,512,0,Windows,64,0,ThinNlight,14.0,1,No,No,0.0,0,680.56
298,ASUS,VivoBook,Intel,Core i5,8.0,16,DDR4,512,0,Windows,64,0,Casual,14.0,1,No,No,0.0,0,729.18
299,HP,Pavilion,Intel,Core i5,8.0,8,DDR4,512,0,Windows,64,0,ThinNlight,15.6,1,No,Yes,4.7,3,777.8
300,DELL,Vostro,Intel,Core i5,8.0,16,DDR4,512,0,Windows,64,2,Casual,14.0,1,No,Yes,0.0,0,844.66
301,DELL,Inspiron,Intel,Core i5,8.0,16,DDR4,512,0,Windows,64,0,Casual,14.0,1,Yes,Yes,0.0,0,1086.54
302,ASUS,ZenBook,Intel,Core i5,8.0,8,LPDDR4X,512,0,Windows,64,0,ThinNlight,13.3,0,No,No,0.0,0,911.51
303,Lenovo,Thinkbook,Intel,Core i5,8.0,8,DDR4,512,0,Windows,64,0,Casual,14.0,3,Yes,Yes,4.0,48,789.96
304,Lenovo,Legion,Intel,Core i5,8.0,8,DDR4,512,0,Windows,64,4,Casual,15.6,1,No,Yes,4.4,282,808.19
305,DELL,Inspiron,Intel,Core i5,8.0,16,DDR4,512,0,Windows,64,2,Casual,15.6,1,No,Yes,0.0,0,1090.34
306,Lenovo,Ideapad,Intel,Core i5,8.0,16,DDR4,512,0,Windows,64,2,Casual,15.6,1,No,Yes,4.2,67,862.89
307,Infinix,INBook,Intel,Core i5,8.0,8,LPDDR4X,512,0,Windows,64,0,ThinNlight,14.0,0,No,No,4.1,383,516.47
308,ASUS,VivoBook,Intel,Core i5,8.0,16,DDR4,512,0,Windows,64,0,Casual,17.3,1,Yes,Yes,0.0,0,717.03
309,Lenovo,Ideapad,Intel,Core i5,8.0,8,DDR4,512,0,Windows,64,2,Casual,15.6,1,No,Yes,0.0,0,698.92
310,DELL,Inspiron,Intel,Core i5,8.0,8,DDR4,512,0,Windows,64,2,Casual,14.0,1,Yes,Yes,4.6,23,972.29
311,MSI,Modern,Intel,Core i5,8.0,8,DDR4,512,0,Windows,64,0,Casual,14.0,0,No,No,4.4,677,687.26
312,ASUS,Missing,Intel,Core i5,8.0,16,DDR4,512,0,Windows,64,0,ThinNlight,17.3,0,No,No,3.3,3,729.18
313,Lenovo,ThinkBook,Intel,Core i5,8.0,16,DDR4,512,0,Windows,64,0,Casual,13.0,1,No,Yes,4.4,46,789.96
314,DELL,Missing,Intel,Core i5,8.0,8,DDR4,512,0,Windows,64,0,ThinNlight,14.0,1,No,No,3.0,4,744.99
315,Lenovo,Missing,Intel,Core i5,8.0,8,DDR4,512,0,Windows,64,0,ThinNlight,14.0,1,No,Yes,4.2,9,668.41
316,Lenovo,ThinkBook,Intel,Core i5,8.0,8,DDR4,512,0,Windows,64,0,Casual,15.12,1,No,Yes,4.4,26,729.18
317,ASUS,ASUS,Intel,Core i5,8.0,8,DDR4,512,0,Windows,32,6,Casual,16.0,1,No,No,5.0,5,1033.06
318,HP,Pavilion,Intel,Core i5,8.0,8,DDR4,512,0,Windows,64,0,ThinNlight,16.0,1,No,Yes,4.4,40,881.24
319,Lenovo,IdeaPad,Intel,Core i5,8.0,8,DDR4,512,0,Windows,64,4,Gaming,15.12,0,No,No,3.9,44,729.18
320,Lenovo,Yoga,Intel,Core i5,8.0,8,DDR4,512,0,Windows,64,0,Casual,16.0,1,Yes,Yes,4.7,28,1069.53
321,HP,14s,Intel,Core i5,8.0,8,DDR4,512,0,Windows,64,0,ThinNlight,15.12,0,No,No,4.3,1541,704.87
322,DELL,Inspiron,Intel,Core i5,8.0,8,DDR4,512,0,Windows,64,0,ThinNlight,16.0,1,No,Yes,4.2,72,844.66
323,Lenovo,Thinkbook,Intel,Core i5,8.0,8,DDR4,512,0,Windows,64,0,Casual,16.0,3,Yes,Yes,4.6,44,838.58
324,Lenovo,Missing,Intel,Core i5,8.0,8,DDR4,512,0,Windows,32,0,Casual,16.0,1,No,Yes,4.3,17,947.98
325,ASUS,ZenBook,Intel,Core i5,8.0,8,LPDDR4X,512,0,Windows,64,0,Casual,16.0,1,Yes,No,4.4,59,1288.32
326,MSI,Prestige,Intel,Core i5,8.0,8,LPDDR4X,512,0,Windows,64,0,Casual,16.0,1,No,No,0.0,0,972.29
327,DELL,Vostro,Intel,Core i5,8.0,8,DDR4,512,0,Windows,64,0,ThinNlight,15.12,1,No,Yes,4.1,337,674.49
328,Lenovo,IdeaPad,Intel,Core i5,8.0,8,DDR4,512,0,Windows,64,0,ThinNlight,16.0,1,No,Yes,4.6,10,850.74
329,ASUS,Zenbook,Intel,Core i5,8.0,8,DDR4,512,0,Windows,64,0,Casual,15.12,1,Yes,Yes,4.2,10,1033.06
330,DELL,Inspiron,Intel,Core i5,8.0,8,DDR4,512,0,Windows,64,0,ThinNlight,15.12,0,No,No,3.8,31,729.18
331,DELL,XPS,Intel,Core i5,8.0,8,LPDDR4X,512,0,Windows,64,0,ThinNlight,15.12,1,No,Yes,0.0,0,1360.03
332,DELL,Inspiron,Intel,Core i5,8.0,8,DDR4,512,0,Windows,64,2,Casual,15.12,1,No,No,4.3,10,802.11
333,ASUS,Zenbook,Intel,Core i5,8.0,8,LPDDR4X,512,0,Windows,32,0,Casual,15.12,1,No,Yes,4.7,76,887.2
334,DELL,Inspiron,Intel,Core i5,8.0,8,DDR4,512,0,Windows,64,0,ThinNlight,16.0,1,No,Yes,4.1,44,864.11
335,MSI,Katana,Intel,Core i5,8.0,8,DDR4,512,0,Windows,64,4,Casual,15.12,2,No,No,0.0,0,911.51
336,ASUS,ZenBook,Intel,Core i5,8.0,8,LPDDR3,512,0,Windows,64,0,Casual,15.12,1,No,Yes,4.4,11,972.29
337,MSI,Modern,Intel,Core i5,8.0,8,DDR4,512,0,Windows,64,0,Casual,15.12,1,No,No,4.3,138,674.49
338,DELL,Vostro,Intel,Core i5,8.0,8,DDR4,512,0,Windows,64,2,ThinNlight,15.12,1,No,Yes,4.1,199,808.19
339,ASUS,VivoBook,Intel,Core i5,8.0,8,DDR4,512,0,Windows,64,0,Casual,15.12,1,No,Yes,4.1,46,649.08
340,DELL,Inspiron,Intel,Core i5,8.0,8,DDR4,512,0,Windows,64,0,Casual,15.12,1,Yes,Yes,4.4,45,905.55
341,DELL,XPS,Intel,Core i5,8.0,8,LPDDR4X,512,0,Windows,64,0,ThinNlight,16.0,1,No,Yes,0.0,0,1397.71
342,DELL,Vostro,Intel,Core i5,8.0,8,DDR4,512,0,Windows,64,2,ThinNlight,15.12,0,No,No,4.1,35,753.49
343,APPLE,MacBook,Intel,Core i5,8.0,8,LPDDR4X,512,0,Mac,64,0,Casual,16.0,1,No,No,4.4,32,1944.69
344,APPLE,MacBook,Intel,Core i5,8.0,8,DDR3,512,0,Mac,64,0,Casual,15.12,1,No,No,4.2,108,2091.77
345,MSI,Sword,Intel,Core i5,8.0,8,DDR4,512,0,Windows,64,4,Casual,15.12,0,No,No,0.0,0,911.51
346,MSI,Modern,Intel,Core i5,8.0,8,DDR4,512,0,Windows,64,0,Casual,15.12,1,No,No,4.5,814,686.64
347,Lenovo,ThinkPad,Intel,Core i5,8.0,8,DDR4,512,0,Windows,64,0,ThinNlight,16.0,3,No,No,0.0,0,1786.8
348,Lenovo,Ideapad,Intel,Core i5,8.0,8,DDR4,512,0,Windows,64,0,ThinNlight,15.12,1,No,Yes,4.2,75,680.56
349,HP,Pavilion,Intel,Core i5,8.0,8,DDR4,512,0,Windows,64,4,Gaming,15.12,1,No,Yes,0.0,0,947.98
350,HP,Envy,Intel,Core i5,8.0,8,DDR4,512,0,Windows,64,4,Casual,16.0,1,No,Yes,4.7,3,1294.4
351,Lenovo,IdeaPad,Intel,Core i5,8.0,8,DDR4,512,0,Windows,32,2,Casual,16.0,1,No,Yes,4.6,11,862.89
352,Lenovo,ThinkPad,Intel,Core i5,8.0,8,DDR4,512,0,Windows,64,0,Casual,15.12,1,No,Yes,4.4,125,789.96
353,acer,Aspire,Intel,Core i5,8.0,8,DDR4,512,0,Windows,64,0,Casual,15.12,1,No,No,0.0,0,704.87
354,ASUS,TUF,Intel,Core i5,8.0,8,DDR4,512,0,Windows,64,4,Gaming,15.12,1,No,No,4.5,4,789.96
355,MSI,Modern,Intel,Core i5,8.0,8,DDR4,512,0,Windows,64,0,Casual,15.12,1,No,No,4.4,714,668.41
356,Vaio,SE,Intel,Core i5,8.0,8,DDR4,512,0,Windows,64,0,ThinNlight,15.12,2,No,Yes,4.0,85,764.43
357,HP,Spectre,Intel,Core i5,8.0,8,LPDDR4X,512,0,Windows,64,0,Casual,16.0,0,Yes,No,0.0,0,1361.36
358,Lenovo,Yoga,Intel,Core i5,8.0,8,LPDDR4X,512,0,Windows,64,2,Casual,15.12,1,No,Yes,4.0,21,860.56
359,Lenovo,Legion,Intel,Core i5,8.0,8,DDR4,512,0,Windows,64,4,Casual,15.12,0,No,No,3.8,9,729.18
360,acer,ConceptD,Intel,Core i5,8.0,8,DDR4,512,0,Windows,64,4,Casual,15.12,1,No,No,0.0,0,1209.43
361,HP,14s,Intel,Core i5,8.0,8,DDR4,512,0,Windows,64,0,ThinNlight,15.12,1,No,Yes,4.2,30,680.56
362,ASUS,ZenBook,Intel,Core i5,8.0,8,LPDDR3,512,0,Windows,64,0,ThinNlight,15.12,1,No,No,4.2,44,887.2
363,acer,Swift,Intel,Core i5,8.0,8,DDR3,512,0,Windows,64,0,ThinNlight,15.12,1,No,No,3.8,4,789.96
364,ASUS,Missing,Intel,Core i5,8.0,8,DDR4,512,0,Windows,64,0,ThinNlight,15.12,0,No,No,0.0,0,704.87
365,HP,HP,Intel,Core i5,8.0,8,DDR4,512,0,Windows,64,2,Casual,16.0,1,Yes,Yes,4.4,14,935.82
366,Lenovo,Ideapad,Intel,Core i5,8.0,8,DDR4,512,0,Windows,64,0,Casual,15.12,2,No,Yes,4.3,739,765.75
367,DELL,Inspiron,Intel,Core i5,8.0,8,DDR4,512,0,Windows,64,0,Casual,16.0,1,Yes,Yes,4.5,31,947.98
368,HP,Spectre,Intel,Core i5,8.0,8,DDR4,512,0,Windows,64,0,Casual,15.12,1,Yes,Yes,4.4,145,1397.71
369,DELL,DELL,Intel,Core i5,8.0,8,DDR4,512,0,Windows,64,2,Casual,15.12,1,No,Yes,0.0,0,802.11
370,DELL,Inspiron,Intel,Core i5,8.0,8,DDR4,512,0,Windows,64,2,Casual,16.0,1,No,Yes,3.8,19,1081.68
371,Lenovo,X390,Intel,Core i5,8.0,8,DDR4,512,0,Windows,64,0,Casual,15.12,0,No,No,0.0,0,1380.7
372,Mi,Notebook,Intel,Core i5,8.0,8,DDR4,512,0,Windows,64,2,Casual,15.12,1,No,No,4.3,545,668.41
373,ASUS,VivoBook,Intel,Core i5,8.0,8,LPDDR4X,512,0,Windows,64,0,Casual,15.12,1,Yes,Yes,4.2,32,899.36
374,LG,Gram,Intel,Core i5,8.0,8,DDR4,512,0,Windows,64,0,ThinNlight,15.12,0,No,No,0.0,0,1057.37
375,HP,Missing,Intel,Core i5,8.0,8,DDR4,512,0,Windows,64,0,ThinNlight,15.12,1,No,Yes,4.3,1124,741.46
376,ASUS,ZenBook,Intel,Core i5,8.0,8,LPDDR4X,512,0,Windows,64,0,Casual,15.12,1,Yes,No,4.9,35,1215.39
377,Lenovo,ThinkPad,Intel,Core i5,8.0,8,DDR4,512,0,Windows,64,0,ThinNlight,15.12,1,No,Yes,4.8,9,826.43
378,DELL,Inspiron,Intel,Core i5,8.0,8,DDR4,512,0,Windows,64,0,Casual,15.12,1,Yes,Yes,4.7,98,860.57
379,Lenovo,ThinkPad,Intel,Core i5,8.0,8,DDR4,512,0,Windows,64,0,ThinNlight,15.12,1,No,Yes,4.1,31,802.11
380,ASUS,VivoBook,Intel,Core i5,8.0,8,DDR4,512,0,Windows,64,0,ThinNlight,15.12,1,No,No,4.4,19,652.61
381,MSI,Modern,Intel,Core i5,8.0,8,DDR4,512,0,Windows,64,0,ThinNlight,15.12,1,No,No,0.0,0,680.56
382,ASUS,VivoBook,Intel,Core i5,8.0,8,DDR4,512,0,Windows,64,0,Casual,15.12,1,No,Yes,4.5,11,646.53
383,Lenovo,IdeaPad,Intel,Core i5,8.0,8,DDR4,512,0,Windows,32,2,Casual,15.12,2,No,Yes,4.4,45,717.14
384,DELL,Inspiron,Intel,Core i5,8.0,8,DDR4,512,0,Windows,64,2,ThinNlight,15.12,3,No,No,0.0,0,875.05
385,HP,Missing,Intel,Core i5,8.0,8,DDR4,512,0,Windows,32,4,Casual,15.12,0,No,No,0.0,0,996.72
386,ASUS,ZenBook,Intel,Core i5,8.0,8,LPDDR4X,512,0,Windows,64,0,ThinNlight,16.0,0,No,No,0.0,0,1033.06
387,Lenovo,Thinpad,Intel,Core i5,8.0,8,DDR4,512,0,Windows,64,2,Casual,15.12,0,No,No,0.0,0,1093.93
388,ASUS,ZenBook,Intel,Core i5,8.0,8,LPDDR4X,512,0,Windows,64,0,Casual,15.12,1,Yes,No,0.0,0,1215.39
389,ASUS,Zenbook,Intel,Core i5,8.0,8,LPDDR4X,512,0,Windows,64,0,ThinNlight,15.12,0,No,No,0.0,0,1033.06
390,Lenovo,IdeaPad,Intel,Core i5,8.0,8,DDR4,512,0,Windows,64,4,Gaming,15.12,0,No,No,4.3,474,849.63
391,DELL,Inpiron,Intel,Core i5,8.0,8,DDR4,512,0,Windows,64,4,Casual,15.12,1,No,No,0.0,0,972.29
392,DELL,GAMING,Intel,Core i5,8.0,8,DDR4,512,0,Windows,64,4,Casual,15.12,1,No,No,4.2,6,927.43
393,Lenovo,Ideapad,Intel,Core i5,8.0,8,DDR4,512,0,Windows,64,0,Casual,15.12,1,No,Yes,0.0,0,680.67
394,DELL,Inspiron,Intel,Core i5,8.0,8,DDR4,512,0,Windows,64,0,ThinNlight,15.12,0,No,No,3.9,24,886.11
395,DELL,Inspiron,Intel,Core i5,8.0,8,DDR4,512,0,Windows,64,0,Casual,15.12,1,Yes,Yes,4.5,195,899.36
396,ASUS,ZenBook,Intel,Core i5,8.0,8,LPDDR4,512,0,Windows,64,0,ThinNlight,16.0,0,No,No,0.0,0,1033.06
397,DELL,Missing,Intel,Core i5,8.0,8,DDR4,512,0,Windows,32,2,Casual,16.0,0,No,No,0.0,0,893.63
398,HP,Spectre,Intel,Core i5,8.0,8,DDR4,512,0,Windows,64,0,Casual,15.12,1,Yes,No,5.0,2,1531.54
399,lenovo,Yoga,Intel,Core i5,8.0,8,LPDDR4,0,512,DOS,32,0,Casual,15.12,0,No,No,0.0,0,2090.65
400,ASUS,ASUS,Intel,Core i5,8.0,8,DDR4,512,0,Windows,64,6,Casual,16.0,1,No,No,0.0,0,1081.68
401,HP,HP,Intel,Core i5,8.0,8,DDR4,512,0,Windows,64,0,ThinNlight,16.0,1,Yes,Yes,0.0,0,1397.82
402,DELL,Inspiron,Intel,Core i5,8.0,8,DDR4,512,0,Windows,64,2,Casual,16.0,1,Yes,Yes,4.5,21,1008.75
403,acer,Intel,Intel,Core i5,8.0,8,DDR4,512,0,Windows,64,0,ThinNlight,15.12,0,Yes,No,0.0,0,1337.05
404,Lenovo,Yoga,Intel,Core i5,8.0,8,DDR4,512,0,Windows,64,0,ThinNlight,16.0,1,Yes,Yes,0.0,0,1008.75
405,DELL,Inspiron,Intel,Core i5,8.0,8,DDR4,512,0,Windows,64,2,Casual,15.12,1,Yes,Yes,4.8,5,972.29
406,ASUS,ZenBook,Intel,Core i5,8.0,8,LPDDR4X,512,0,Windows,64,0,Casual,16.0,1,Yes,No,0.0,0,1397.71
407,HP,Spectre,Intel,Core i5,8.0,8,LPDDR4X,512,0,Windows,64,0,Casual,16.0,1,Yes,No,0.0,0,1580.15
408,MSI,GS,Intel,Core i5,8.0,8,DDR5,512,0,Windows,32,6,Casual,15.12,0,No,No,4.1,10,1823.14
409,DELL,Inspiron,Intel,Core i5,8.0,8,DDR4,512,0,Windows,64,2,Casual,16.0,0,No,No,0.0,0,866.54
410,DELL,Inspiron,Intel,Core i5,8.0,8,DDR4,512,0,Windows,64,0,ThinNlight,15.12,1,No,Yes,4.3,10,966.33
411,DELL,Inspiron,Intel,Core i5,8.0,8,DDR4,512,0,Windows,64,2,Casual,15.12,1,No,Yes,3.7,15,1008.75
412,DELL,Inspiron,Intel,Core i5,8.0,8,DDR4,512,0,Windows,64,2,Casual,15.12,1,No,Yes,4.4,138,862.77
413,ASUS,ZenBook,Intel,Core i5,8.0,8,LPDDR4X,512,0,Windows,64,0,Casual,15.12,1,Yes,No,0.0,0,1215.39
414,HP,430,Intel,Core i5,8.0,8,DDR4,512,0,Windows,32,0,Casual,15.12,0,No,No,0.0,0,1142.58
415,DELL,Missing,Intel,Core i5,8.0,8,DDR4,512,0,Windows,64,2,Casual,16.0,0,Yes,No,4.4,16,1008.75
416,MSI,Prestige,Intel,Core i5,8.0,8,LPDDR4X,512,0,Windows,64,0,Casual,16.0,1,No,No,4.9,11,972.29
417,ASUS,Pro,Intel,Core i5,8.0,8,DDR4,512,0,Windows,64,0,ThinNlight,15.12,0,No,No,0.0,0,1045.22
418,ASUS,ExpertBook,Intel,Core i5,8.0,8,DDR4,512,0,Windows,64,2,Casual,15.12,0,No,No,0.0,0,1057.37
419,ASUS,ZenBook,Intel,Core i5,8.0,8,LPDDR3,512,0,Windows,64,2,Casual,15.12,1,No,Yes,5.0,4,1288.32
420,ASUS,ExpertBook,Intel,Core i5,8.0,8,LPDDR3,512,0,Windows,64,0,Casual,15.12,0,No,No,0.0,0,1033.06
421,Lenovo,Ideapad,Intel,Core i5,8.0,8,DDR4,512,0,Windows,64,2,Casual,15.12,1,No,Yes,4.4,22,729.29
422,Lenovo,Yoga,Intel,Core i5,8.0,8,DDR4,512,0,Windows,64,0,Casual,16.0,1,No,Yes,4.6,16,1118.26
423,DELL,Inspiron,Intel,Core i5,8.0,8,DDR4,512,0,Windows,64,0,Casual,16.0,1,Yes,Yes,3.6,16,959.04
424,ASUS,ExpertBook,Intel,Core i5,8.0,8,LPDDR3,512,0,Windows,64,0,Casual,15.12,0,No,No,0.0,0,1614.08
425,Nokia,PureBook,Intel,Core i5,8.0,16,DDR4,512,0,Windows,64,0,ThinNlight,14.0,0,No,No,4.1,117,680.56
426,Lenovo,IdeaPad,Intel,Core i5,8.0,8,DDR4,512,0,Windows,64,4,Gaming,15.6,0,No,No,3.9,14,741.34
427,Avita,Liber,Intel,Core i5,8.0,8,DDR4,512,0,Windows,64,0,ThinNlight,13.3,0,No,No,0.0,0,796.84
428,DELL,Inspiron,Intel,Core i5,8.0,16,DDR4,512,0,Windows,64,0,ThinNlight,15.6,0,No,No,3.5,6,853.17
429,DELL,Missing,Intel,Core i5,8.0,8,DDR4,512,0,Windows,64,2,Casual,14.0,1,Yes,No,0.0,0,967.42
430,Avita,Liber,Intel,Core i5,8.0,8,DDR4,512,0,Windows,64,0,ThinNlight,13.3,0,No,No,0.0,0,796.84
431,ASUS,TUF,Intel,Core i5,8.0,8,DDR4,512,0,Windows,64,4,Casual,15.6,1,No,No,0.0,0,935.82
432,Nokia,PureBook,Intel,Core i5,8.0,8,DDR4,512,0,Windows,64,0,ThinNlight,14.0,0,No,No,4.0,5,641.67
433,Avita,Liber,Intel,Core i5,8.0,8,DDR4,512,0,Windows,64,0,ThinNlight,13.3,0,No,No,0.0,0,796.84
434,Avita,Liber,Intel,Core i5,8.0,8,DDR4,512,0,Windows,64,0,ThinNlight,14.0,0,No,No,3.4,17,546.86
435,ASUS,Intel,Intel,Core i5,8.0,8,DDR4,512,0,Windows,64,0,Casual,13.3,1,Yes,Yes,3.9,17,1033.06
436,Lenovo,Ideapad,Intel,Core i5,8.0,8,DDR4,512,0,Windows,64,2,Casual,14.0,1,Yes,Yes,4.7,3,1057.48
437,HP,Pavilion,Intel,Core i5,8.0,16,DDR4,512,0,Windows,64,2,Casual,15.6,1,No,No,4.4,512,948.1
438,Avita,Liber,Intel,Core i5,8.0,8,DDR4,512,0,Windows,64,0,ThinNlight,14.0,0,No,No,3.4,17,888.09
439,Avita,Liber,Intel,Core i5,8.0,8,DDR4,512,0,Windows,64,0,ThinNlight,14.0,0,No,No,3.4,17,888.09
440,HP,HP,Intel,Core i5,8.0,16,DDR4,512,0,Windows,64,4,Casual,14.0,1,No,Yes,0.0,0,1227.54
441,Lenovo,Ideapad,Intel,Core i5,8.0,8,DDR4,512,0,Windows,64,0,ThinNlight,13.3,1,No,Yes,3.3,3,911.51
442,ASUS,ROG,Intel,Core i5,8.0,8,DDR4,512,0,Windows,64,4,Casual,15.6,0,No,No,4.6,1365,923.67
443,Lenovo,Missing,Intel,Core i5,8.0,8,DDR4,512,0,Windows,32,2,Casual,15.6,1,No,Yes,3.5,8,1022.07
444,ASUS,ASUS,Intel,Core i5,8.0,8,DDR4,1024,0,Windows,64,4,Gaming,15.6,0,No,No,4.5,368,923.67
445,ASUS,TUF,Intel,Core i5,8.0,8,DDR4,1024,0,Windows,64,4,Gaming,17.3,1,No,Yes,4.4,202,947.98
446,ASUS,ROG,Intel,Core i5,8.0,8,DDR4,1024,0,Windows,64,4,Casual,15.6,1,No,No,4.5,187,947.98
447,APPLE,MacBook,Intel,Core i5,8.0,16,LPDDR4X,1024,0,Mac,64,0,Casual,13.0,1,No,No,4.7,31,2187.8
448,APPLE,MacBook,Intel,Core i5,8.0,16,LPDDR4X,1024,0,Mac,64,0,Casual,13.0,1,No,No,4.8,91,2187.8
449,ASUS,ROG,Intel,Core i5,8.0,8,DDR4,1024,0,Windows,64,4,Casual,15.12,0,No,No,4.5,844,1008.75
450,ASUS,TUF,Intel,Core i5,8.0,8,DDR4,1024,0,Windows,64,4,Casual,16.0,1,No,No,0.0,0,1069.53
451,ASUS,F17,Intel,Core i5,8.0,8,DDR4,1024,0,Windows,64,4,Casual,15.12,0,No,No,4.3,3,1027.11
452,DELL,Inspiron,Intel,Core i5,8.0,8,LPDDR4X,1024,0,Windows,64,0,ThinNlight,13.3,0,No,No,4.5,21,901.79
453,Lenovo,ThinkBook,Intel,Core i5,8.0,8,DDR4,1024,0,Windows,64,0,ThinNlight,13.3,1,No,Yes,3.0,4,789.96
454,Lenovo,ThinkPad,Intel,Core i5,8.0,8,DDR4,512,512,Windows,64,0,ThinNlight,16.0,3,Yes,No,0.0,0,1889.04
455,Lenovo,ThinkPad,Intel,Core i5,8.0,8,DDR4,512,512,Windows,64,0,ThinNlight,15.12,3,Yes,No,0.0,0,1524.18
456,acer,Aspire,Intel,Core i5,8.0,8,DDR4,0,1025,Windows,64,0,Casual,15.6,0,No,No,0.0,0,607.63
457,acer,Aspire,Intel,Core i5,8.0,8,DDR4,0,1025,Windows,64,0,ThinNlight,14.0,1,No,No,3.8,253,571.17
458,DELL,Vostro,Intel,Core i5,8.0,8,DDR4,0,1025,Windows,64,0,ThinNlight,14.0,1,No,Yes,3.6,470,595.48
459,acer,Aspire,Intel,Core i5,8.0,8,DDR4,0,1025,Windows,64,2,Casual,15.12,1,No,Yes,4.1,118,729.29
460,ASUS,VivoBook,Intel,Core i5,8.0,8,DDR4,0,1025,Windows,64,0,ThinNlight,15.12,1,No,No,4.0,1444,571.17
461,MSI,GF63,Intel,Core i5,8.0,8,DDR4,0,1025,Windows,64,4,Casual,15.12,2,No,No,4.1,1114,644.1
462,Lenovo,Missing,Intel,Core i5,8.0,8,DDR4,0,1025,Windows,32,2,Casual,15.12,0,No,No,0.0,0,704.98
463,Lenovo,B50-70,Intel,Core i5,8.0,8,DDR3,0,1025,Windows,64,0,Casual,15.12,0,No,No,3.8,78,638.02
464,Lenovo,Ideapad,Intel,Core i5,8.0,8,DDR4,0,1025,Windows,64,4,Casual,15.12,1,No,No,4.0,21,692.72
465,acer,Aspire,Intel,Core i5,8.0,8,DDR4,0,1025,Windows,64,2,ThinNlight,15.12,1,No,No,4.1,73,753.49
466,DELL,Missing,Intel,Core i5,8.0,8,DDR4,0,1025,Windows,32,0,Casual,15.12,0,No,No,0.0,0,706.09
467,ASUS,ExpertBook,Intel,Core i5,8.0,8,DDR4,0,1025,Windows,64,0,Casual,15.12,0,No,No,0.0,0,692.72
468,acer,Aspire,Intel,Core i5,8.0,8,DDR4,0,1025,Windows,64,0,ThinNlight,15.12,1,No,No,0.0,0,748.72
469,ASUS,Pro,Intel,Core i5,8.0,8,DDR4,0,1025,Windows,64,0,ThinNlight,15.12,0,No,No,0.0,0,996.6
470,ASUS,ExpertBook,Intel,Core i5,8.0,8,DDR4,0,1025,Windows,64,0,Casual,15.12,0,No,No,0.0,0,744.49
471,DELL,Missing,Intel,Core i5,8.0,8,DDR4,0,1025,Windows,32,0,Casual,15.12,0,No,No,0.0,0,717.03
472,ASUS,ExpertBook,Intel,Core i5,8.0,8,DDR4,0,1025,Windows,64,2,Casual,15.12,0,No,No,0.0,0,1020.91
473,MSI,GE76,Intel,Core i5,8.0,8,LPDDR4,0,512,DOS,32,6,Casual,15.12,0,No,No,4.6,7,3539.44
474,MSI,GP65,Intel,Core i5,8.0,8,LPDDR4,0,512,DOS,32,6,Casual,15.12,0,No,No,4.5,715,1774.52
475,MSI,GP76,Intel,Core i5,8.0,8,LPDDR4,0,512,DOS,32,8,Casual,15.12,0,No,No,4.4,24,2187.8
476,HP,Pavilion,Intel,Core i5,8.0,8,DDR4,0,1025,Windows,64,2,Casual,15.6,1,No,Yes,4.3,23,789.96
477,HP,15q,Intel,Core i5,8.0,8,DDR4,0,1025,Windows,64,0,Casual,15.6,1,No,No,4.2,3062,568.74
478,HP,Missing,Intel,Core i5,8.0,4,DDR4,0,1025,Windows,64,0,Casual,15.6,1,No,No,4.1,122,542.11
479,acer,Swift,Intel,Core i5,8.0,8,DDR4,0,1025,Windows,64,2,Casual,15.6,1,No,No,4.2,18,886.88
480,HP,250,Intel,Core i5,8.0,8,DDR4,0,1025,Windows,32,0,Casual,15.6,1,No,Yes,3.4,11,593.05
481,acer,Aspire,Intel,Core i5,8.0,8,DDR4,0,1025,Windows,64,2,Casual,15.6,1,No,No,3.2,30,686.65
482,ASUS,VivoBook,Intel,Core i5,8.0,8,DDR4,256,1025,Windows,32,0,Casual,15.6,1,No,Yes,4.3,1188,619.79
483,ASUS,VivoBook,Intel,Core i5,8.0,8,DDR4,256,1025,Windows,64,4,Gaming,15.6,0,No,No,4.5,23,680.56
484,acer,Aspire,Intel,Core i5,8.0,8,DDR4,256,1025,Windows,64,0,Casual,15.6,1,No,No,4.6,32,704.87
485,ASUS,VivoBook,Intel,Core i5,8.0,8,DDR4,256,1025,Windows,64,0,Casual,15.6,1,No,No,0.0,0,644.1
486,DELL,Inspiron,Intel,Core i5,8.0,8,DDR4,256,1025,Windows,64,0,Casual,15.6,1,No,No,4.2,47,704.87
487,acer,Aspire,Intel,Core i5,8.0,8,DDR4,256,1025,Windows,64,0,ThinNlight,15.6,1,No,No,4.0,27,692.72
488,acer,Travelmate,Intel,Core i5,8.0,8,DDR4,256,1025,Windows,64,0,Casual,14.0,0,No,No,3.8,8,674.49
489,DELL,Inspiron,Intel,Core i5,8.0,8,DDR4,256,1025,Windows,64,2,Casual,15.6,1,No,No,3.9,157,759.57
490,ASUS,VivoBook,Intel,Core i5,8.0,16,DDR4,256,1025,Windows,64,0,Casual,15.6,1,No,No,4.7,10,789.96
491,Lenovo,Ideapad,Intel,Core i5,8.0,8,DDR4,256,1025,Windows,64,2,Casual,15.6,1,No,Yes,4.3,52,729.18
492,ASUS,VivoBook,Intel,Core i5,8.0,8,DDR4,256,1025,Windows,64,2,Casual,15.6,1,No,Yes,4.4,33,731.62
493,ASUS,VivoBook,Intel,Core i5,8.0,8,DDR4,256,1025,Windows,64,4,Gaming,15.6,0,No,No,4.3,343,662.33
494,Lenovo,Legion,Intel,Core i5,8.0,8,DDR4,256,1025,Windows,64,4,Casual,15.6,1,No,Yes,4.3,131,741.34
495,DELL,Inspiron,Intel,Core i5,8.0,4,DDR4,256,1025,Windows,64,0,ThinNlight,14.9,1,No,Yes,4.2,41,678.13
496,ASUS,VivoBook,Intel,Core i5,8.0,16,DDR4,256,1025,Windows,64,0,Casual,15.6,1,No,Yes,4.3,328,789.96
497,ASUS,Missing,Intel,Core i5,8.0,16,DDR4,256,1025,Windows,64,0,ThinNlight,17.3,0,No,No,4.8,6,717.03
498,DELL,Vostro,Intel,Core i5,8.0,8,DDR4,256,1025,Windows,64,0,ThinNlight,14.0,1,No,Yes,3.8,353,668.41
499,HP,Pavilion,Intel,Core i5,8.0,8,DDR4,256,1025,Windows,64,4,Gaming,15.6,1,No,Yes,4.3,127,875.05
500,DELL,3511,Intel,Core i5,8.0,8,DDR4,256,1025,Windows,64,2,Casual,15.6,1,No,No,0.0,0,849.64
501,Lenovo,Ideapad,Intel,Core i5,8.0,8,DDR4,256,1025,Windows,64,2,Casual,15.6,1,No,Yes,4.2,241,802.11
502,ASUS,VivoBook,Intel,Core i5,8.0,8,DDR4,256,1025,Windows,64,0,Casual,15.12,1,No,No,3.9,22,607.63
503,DELL,Vostro,Intel,Core i5,8.0,8,DDR4,256,1025,Windows,64,0,ThinNlight,15.12,1,No,Yes,4.0,8,717.03
504,Lenovo,IdeaPad,Intel,Core i5,8.0,8,DDR4,256,1025,Windows,64,4,Gaming,15.12,0,No,No,4.4,898,906.65
505,ASUS,Missing,Intel,Core i5,8.0,8,DDR4,256,1025,Windows,32,2,Casual,15.12,0,No,No,5.0,1,717.03
506,ASUS,VivoBook,Intel,Core i5,8.0,8,DDR4,256,1025,Windows,64,0,Casual,15.12,1,No,No,0.0,0,789.96
507,DELL,Inspiron,Intel,Core i5,8.0,8,DDR4,256,1025,Windows,64,2,Casual,15.12,0,No,No,3.8,6,808.19
508,DELL,G3,Intel,Core i5,8.0,8,DDR4,256,1025,Windows,64,4,Casual,15.12,0,No,No,4.3,179,946.88
509,DELL,Inspiron,Intel,Core i5,8.0,8,DDR4,256,1025,Windows,64,2,Casual,15.12,0,No,No,3.8,41,820.35
510,DELL,Vostro,Intel,Core i5,8.0,8,DDR4,256,1025,Windows,64,0,ThinNlight,15.12,1,No,Yes,0.0,0,753.49
511,DELL,Inspiron,Intel,Core i5,8.0,8,DDR4,256,1025,Windows,64,0,Casual,15.12,1,No,Yes,4.3,114,717.03
512,Lenovo,IdeaPad,Intel,Core i5,8.0,8,DDR4,256,1025,Windows,64,4,Gaming,15.12,0,No,No,4.3,268,911.62
513,ASUS,VivoBook,Intel,Core i5,8.0,8,DDR4,256,1025,Windows,64,0,Casual,15.12,1,No,Yes,5.0,6,837.49
514,DELL,Inspiron,Intel,Core i5,8.0,8,DDR4,256,1025,Windows,64,2,Casual,15.6,0,No,No,4.2,153,871.46
515,acer,Travelmate,Intel,Core i5,8.0,16,DDR4,256,1025,Windows,64,0,Casual,14.0,0,No,No,3.4,8,759.57
516,DELL,Inspiron,Intel,Core i5,8.0,8,DDR4,0,2048,Windows,64,2,Casual,15.6,1,No,Yes,4.0,377,757.47
517,MSI,GS66,Intel,Core i5,8.0,8,LPDDR4,0,512,DOS,32,8,Casual,15.12,0,No,No,0.0,0,2519.63
518,DELL,Inspiron,Intel,Core i7,8.0,16,DDR4,256,0,Windows,64,4,Casual,15.12,1,No,Yes,4.1,120,1069.53
519,Avita,Liber,Intel,Core i7,8.0,8,DDR4,256,0,Windows,64,0,ThinNlight,14.0,0,No,No,0.0,0,899.36
520,Avita,Liber,Intel,Core i7,8.0,8,DDR4,256,0,Windows,64,0,ThinNlight,14.0,0,No,No,0.0,0,899.36
521,Avita,Liber,Intel,Core i7,8.0,8,DDR4,256,0,Windows,64,0,ThinNlight,14.0,0,No,No,0.0,0,899.36
522,Avita,Liber,Intel,Core i7,8.0,8,DDR4,256,0,Windows,64,0,ThinNlight,14.0,0,No,No,0.0,0,899.36
523,Avita,Liber,Intel,Core i7,8.0,8,DDR4,256,0,Windows,64,0,ThinNlight,14.0,0,No,No,0.0,0,899.36
524,Avita,Liber,Intel,Core i7,8.0,8,DDR4,256,0,Windows,64,0,ThinNlight,14.0,0,No,No,0.0,0,899.36
525,ASUS,VivoBook,Intel,Core i7,10.0,16,DDR4,512,0,Windows,64,0,Casual,15.6,1,No,No,4.3,76,704.87
526,ASUS,VivoBook,Intel,Core i7,10.0,8,DDR4,512,0,Windows,64,4,Gaming,15.6,0,No,No,4.5,11,753.49
527,MSI,GF63,Intel,Core i7,10.0,16,DDR4,512,0,Windows,64,4,Casual,15.6,2,No,No,4.5,484,972.29
528,Lenovo,IdeaPad,Intel,Core i7,10.0,8,DDR4,512,0,Windows,64,4,Gaming,15.6,1,No,Yes,4.5,44,838.58
529,Mi,Notebook,Intel,Core i7,10.0,8,DDR4,512,0,Windows,64,2,Casual,14.0,1,No,No,4.2,399,723.11
530,Lenovo,IdeaPad,Intel,Core i7,11.0,16,DDR4,512,0,Windows,64,0,Casual,14.0,1,Yes,Yes,4.4,77,1045.22
531,Lenovo,Legion,Intel,Core i7,11.0,16,DDR4,512,0,Windows,64,4,Casual,15.6,1,No,Yes,4.4,11,1215.39
532,Infinix,X1,Intel,Core i7,10.0,16,LPDDR4X,512,0,Windows,64,8,Casual,14.0,0,No,No,4.3,57,668.41
533,ASUS,VivoBook,Intel,Core i7,11.0,8,DDR4,512,0,Windows,64,0,Casual,14.0,1,No,Yes,4.3,21,947.98
534,Lenovo,IdeaPad,Intel,Core i7,11.0,8,DDR4,512,0,Windows,64,4,Gaming,15.6,0,No,No,4.0,5,972.29
535,HP,Pavilion,Intel,Core i7,11.0,16,DDR4,512,0,Windows,64,4,Casual,15.6,1,No,Yes,5.0,4,1132.73
536,ASUS,ZenBook,Intel,Core i7,11.0,16,LPDDR4X,512,0,Windows,64,0,Casual,13.3,1,No,Yes,0.0,0,1154.61
537,Lenovo,Thinkbook,Intel,Core i7,11.0,16,DDR4,512,0,Windows,64,0,Casual,14.0,3,Yes,Yes,4.5,13,1033.06
538,MSI,Missing,Intel,Core i7,10.0,8,DDR4,512,0,Windows,64,0,ThinNlight,14.0,0,No,No,4.4,15,704.87
539,HP,Envy,Intel,Core i7,11.0,16,DDR4,512,0,Windows,64,0,Casual,13.3,1,Yes,Yes,4.7,11,1251.85
540,DELL,Missing,Intel,Core i7,11.0,16,DDR4,512,0,Windows,64,4,Casual,16.0,1,No,No,0.0,0,1215.39
541,ASUS,ASUS,Intel,Core i7,11.0,16,DDR4,512,0,Windows,64,4,Gaming,16.0,0,No,No,4.5,118,1154.61
542,HP,Envy,Intel,Core i7,11.0,16,DDR4,512,0,Windows,64,0,Casual,16.0,1,Yes,Yes,0.0,0,1264.13
543,MSI,Missing,Intel,Core i7,11.0,16,DDR4,512,0,Windows,64,2,Casual,15.12,0,No,No,0.0,0,935.82
544,HP,Pavilion,Intel,Core i7,11.0,16,DDR4,512,0,Windows,64,4,Gaming,16.0,1,No,Yes,4.3,6,1096.27
545,Lenovo,Missing,Intel,Core i7,11.0,16,DDR4,512,0,Windows,32,0,Casual,16.0,0,Yes,No,0.0,0,1075.58
546,MSI,Prestige,Intel,Core i7,10.0,16,DDR4,512,0,Windows,64,4,Casual,16.0,1,No,No,4.3,138,1336.94
547,MSI,Sword,Intel,Core i7,11.0,16,DDR4,512,0,Windows,64,4,Casual,15.12,0,No,No,0.0,0,1057.37
548,MSI,Prestige,Intel,Core i7,11.0,16,LPDDR4X,512,0,Windows,64,0,Casual,16.0,1,No,No,0.0,0,1093.84
549,HP,Spectre,Intel,Core i7,10.0,16,LPDDR3,512,0,Windows,64,0,Casual,16.0,1,Yes,Yes,0.0,0,2914.29
550,ASUS,VivoBook,Intel,Core i7,11.0,16,DDR4,512,0,Windows,64,2,Casual,15.12,1,No,Yes,4.5,35,960.13
551,DELL,XPS,Intel,Core i7,8.0,16,DDR3,512,0,Windows,64,0,ThinNlight,16.0,1,No,Yes,1.7,3,1481.59
552,ASUS,ZenBook,Intel,Core i7,8.0,16,LPDDR3,512,0,Windows,64,0,ThinNlight,15.12,1,No,No,4.4,18,1045.22
553,MSI,Katana,Intel,Core i7,11.0,16,DDR4,512,0,Windows,64,4,Casual,16.0,2,No,No,0.0,0,1154.61
554,HP,Pavilion,Intel,Core i7,11.0,16,DDR4,512,0,Windows,64,4,Gaming,16.0,1,No,Yes,4.5,8,1118.27
555,HP,Spectre,Intel,Core i7,10.0,16,DDR4,512,0,Windows,64,0,Casual,16.0,1,Yes,No,3.3,3,1981.16
556,DELL,XPS,Intel,Core i7,11.0,16,LPDDR4X,512,0,Windows,64,0,ThinNlight,16.0,1,No,Yes,5.0,5,1644.58
557,MSI,Modern,Intel,Core i7,11.0,16,DDR4,512,0,Windows,64,0,Casual,15.12,0,No,No,4.4,33,789.96
558,Lenovo,ThinkPad,Intel,Core i7,10.0,16,DDR4,512,0,Windows,64,0,ThinNlight,16.0,3,No,No,0.0,0,2121.39
559,Lenovo,ThinkPad,Intel,Core i7,10.0,16,DDR4,512,0,Windows,64,0,ThinNlight,15.12,0,No,No,0.0,0,1972.76
560,DELL,Inspiron,Intel,Core i7,10.0,16,DDR4,512,0,Windows,64,0,Casual,15.12,1,Yes,Yes,0.0,0,1327.22
561,HP,Pavilion,Intel,Core i7,11.0,16,DDR4,512,0,Windows,64,0,Casual,16.0,1,Yes,Yes,0.0,0,1215.5
562,MSI,Prestige,Intel,Core i7,10.0,16,DDR4,512,0,Windows,64,2,Casual,16.0,1,No,No,4.0,85,1276.16
563,ASUS,Missing,Intel,Core i7,11.0,16,LPDDR4X,512,0,Windows,64,0,ThinNlight,16.0,0,Yes,No,0.0,0,1336.94
564,ASUS,ZenBook,Intel,Core i7,8.0,16,DDR3,512,0,Windows,64,0,ThinNlight,16.0,1,No,No,4.3,30,1215.39
565,Lenovo,Missing,Intel,Core i7,8.0,16,DDR4,512,0,Windows,64,2,ThinNlight,16.0,0,No,No,0.0,0,2975.58
566,ASUS,ZenBook,Intel,Core i7,11.0,16,LPDDR4X,512,0,Windows,64,0,ThinNlight,16.0,0,No,No,0.0,0,1154.61
567,Lenovo,Ideapad,Intel,Core i7,8.0,16,DDR4,512,0,Windows,64,0,ThinNlight,15.12,1,No,Yes,0.0,0,1045.34
568,Lenovo,Missing,Intel,Core i7,10.0,16,DDR4,512,0,Windows,32,2,Casual,16.0,0,No,No,0.0,0,1973.98
569,HP,Missing,Intel,Core i7,11.0,16,DDR4,512,0,Windows,32,0,Casual,15.12,0,No,No,0.0,0,1453.74
570,Lenovo,Missing,Intel,Core i7,10.0,16,LPDDR3,512,0,Windows,64,0,ThinNlight,16.0,0,No,No,0.0,0,2573.88
571,Lenovo,Intel,Intel,Core i7,11.0,16,DDR4,512,0,Windows,32,0,Casual,14.0,0,No,No,0.0,0,1349.2
572,DELL,Missing,Intel,Core i7,11.0,16,DDR4,512,0,Windows,64,4,Casual,15.6,1,No,No,0.0,0,1215.39
573,ASUS,ZenBook,Intel,Core i7,8.0,8,LPDDR3,512,0,Windows,64,0,ThinNlight,13.3,1,No,No,4.3,40,996.6
574,MSI,GF63,Intel,Core i7,9.0,8,DDR4,512,0,Windows,64,4,Casual,15.6,2,No,No,4.5,1639,814.27
575,MSI,GF65,Intel,Core i7,10.0,16,DDR4,1024,0,Windows,64,6,Casual,15.6,2,No,No,4.4,498,1033.06
576,ASUS,Zenbook,Intel,Core i7,11.0,16,LPDDR4X,1024,0,Windows,64,2,Casual,14.0,1,Yes,Yes,0.0,0,1276.16
577,ASUS,ZenBook,Intel,Core i7,11.0,16,LPDDR4X,1024,0,Windows,64,0,Casual,14.0,1,Yes,No,0.0,0,1640.82
578,ASUS,ASUS,Intel,Core i7,11.0,16,DDR4,1024,0,Windows,64,4,Gaming,15.6,0,No,No,4.5,445,1203.23
579,HP,Envy,Intel,Core i7,10.0,16,DDR4,1024,0,Windows,64,6,Casual,15.6,1,No,Yes,4.2,17,1758.72
580,ASUS,ZenBook,Intel,Core i7,11.0,16,LPDDR4X,1024,0,Windows,64,0,ThinNlight,13.3,0,No,No,0.0,0,1215.39
581,MSI,Stealth,Intel,Core i7,11.0,16,DDR4,1024,0,Windows,64,6,Casual,16.0,2,No,No,4.3,20,1458.49
582,ASUS,Zephyrus,Intel,Core i7,11.0,16,DDR4,1024,0,Windows,32,4,Casual,16.0,1,No,No,0.0,0,2370.12
583,ASUS,ZenBook,Intel,Core i7,10.0,16,LPDDR3,1024,0,Windows,64,2,Casual,16.0,1,No,Yes,4.6,17,1519.27
584,DELL,Inspiron,Intel,Core i7,11.0,16,DDR4,1024,0,Windows,64,2,Casual,16.0,0,No,No,0.0,0,1487.91
585,HP,Spectre,Intel,Core i7,10.0,16,DDR4,1024,0,Windows,64,0,Casual,16.0,1,Yes,No,4.2,13,2187.8
586,MSI,Summit,Intel,Core i7,11.0,16,DDR4,1024,0,Windows,64,4,Casual,16.0,2,Yes,No,4.0,3,1883.92
587,Lenovo,Yoga,Intel,Core i7,11.0,16,LPDDR4X,1024,0,Windows,64,0,Casual,16.0,1,No,Yes,3.0,4,1494.96
588,ASUS,Missing,Intel,Core i7,10.0,16,DDR4,1024,0,Windows,64,6,Casual,15.12,1,Yes,No,4.7,9,2734.78
589,MSI,Stealth,Intel,Core i7,12.0,16,DDR5,1024,0,Windows,64,8,Casual,15.12,0,No,No,0.0,0,3403.31
590,HP,OMEN,Intel,Core i7,11.0,16,DDR4,1024,0,Windows,64,4,Casual,16.0,0,No,No,0.0,0,1482.8
591,HP,OMEN,Intel,Core i7,11.0,16,DDR4,1024,0,Windows,64,4,Casual,16.0,0,No,No,0.0,0,1422.03
592,Lenovo,Legion,Intel,Core i7,11.0,16,DDR4,1024,0,Windows,64,6,Casual,16.0,0,No,No,4.4,7,1836.61
593,MSI,Pulse,Intel,Core i7,11.0,16,DDR4,1024,0,Windows,64,8,Casual,16.0,2,No,No,4.2,14,1580.04
594,HP,Spectre,Intel,Core i7,11.0,16,LPDDR4X,1024,0,Windows,64,0,Casual,16.0,1,Yes,No,0.0,0,1823.25
595,MSI,Missing,Intel,Core i7,12.0,16,DDR4,1024,0,Windows,64,6,Casual,16.0,0,No,No,4.5,4,1701.59
596,acer,Predator,Intel,Core i7,11.0,16,DDR4,1024,0,Windows,64,6,Casual,16.0,1,No,No,4.5,54,1580.04
597,HP,OMEN,Intel,Core i7,11.0,16,DDR4,1024,0,Windows,64,8,Casual,16.0,1,No,Yes,0.0,0,2090.56
598,DELL,Inspiron,Intel,Core i7,11.0,16,DDR4,1024,0,Windows,64,2,Casual,16.0,1,No,Yes,4.8,4,1142.03
599,ASUS,ROG,Intel,Core i7,10.0,16,DDR4,1024,0,Windows,64,8,Casual,15.12,0,No,No,0.0,0,2856.33
600,HP,Spectre,Intel,Core i7,11.0,16,LPDDR4X,1024,0,Windows,64,0,Casual,16.0,1,Yes,Yes,3.7,3,1561.93
601,Lenovo,Yoga,Intel,Core i7,11.0,16,DDR4,1024,0,Windows,64,0,Casual,16.0,1,Yes,Yes,4.4,16,1251.85
602,ASUS,ZenBook,Intel,Core i7,11.0,16,LPDDR4X,1024,0,Windows,64,0,Casual,16.0,1,Yes,No,4.8,8,1458.49
603,ASUS,Missing,Intel,Core i7,11.0,16,DDR4,1024,0,Windows,32,6,Casual,16.0,0,No,No,0.0,0,1470.52
604,ASUS,Zephyrus,Intel,Core i7,11.0,16,DDR4,1024,0,Windows,32,6,Casual,16.0,1,No,No,4.3,7,1911.38
605,Lenovo,Missing,Intel,Core i7,9.0,16,DDR4,1024,0,Windows,64,4,ThinNlight,16.0,0,No,No,0.0,0,2794.46
606,ASUS,ASUS,Intel,Core i7,11.0,16,DDR4,1024,0,Windows,64,6,Casual,16.0,1,No,No,0.0,0,1598.4
607,ASUS,ExpertBook,Intel,Core i7,10.0,16,LPDDR3,1024,0,Windows,64,0,Casual,16.0,0,No,No,5.0,3,1883.92
608,ASUS,ExpertBook,Intel,Core i7,10.0,16,LPDDR3,1024,0,Windows,64,0,Casual,16.0,0,No,No,0.0,0,2017.62
609,Lenovo,Yoga,Intel,Core i7,10.0,16,LPDDR4X,1024,0,Windows,64,0,ThinNlight,16.0,0,No,No,2.5,2,1458.49
610,ASUS,ExpertBook,Intel,Core i7,10.0,16,LPDDR3,1024,0,Windows,64,0,Casual,16.0,0,No,No,0.0,0,2041.94
611,HP,Spectre,Intel,Core i7,11.0,16,LPDDR4X,1024,0,Windows,64,0,Casual,16.0,1,Yes,No,0.0,0,2005.59
612,Avita,Liber,Intel,Core i7,10.0,16,DDR4,1024,0,Windows,64,0,ThinNlight,14.0,0,No,No,3.9,207,765.65
613,Lenovo,ThinkBook,Intel,Core i7,11.0,16,LPDDR4,1024,0,Windows,64,0,Casual,13.0,1,No,Yes,3.4,7,1045.22
614,HP,HP,Intel,Core i7,11.0,16,DDR4,1024,0,Windows,64,2,Casual,13.3,1,No,Yes,0.0,0,1154.61
615,HP,Omen,Intel,Core i7,11.0,16,DDR4,1024,0,Windows,64,6,Casual,16.1,1,No,Yes,0.0,0,1665.13
616,Lenovo,Legion,Intel,Core i7,10.0,16,DDR4,1024,0,Windows,64,8,Casual,15.6,1,No,Yes,0.0,0,2856.33
617,acer,Predator,Intel,Core i7,10.0,16,DDR4,2048,0,Windows,64,8,Casual,16.0,1,No,No,3.8,4,1944.69
618,ASUS,ExpertBook,Intel,Core i7,10.0,16,LPDDR3,2048,0,Windows,64,0,Casual,16.0,0,No,No,0.0,0,2844.17
619,ASUS,ExpertBook,Intel,Core i7,10.0,16,DDR4,0,1025,Windows,64,2,Casual,15.12,0,No,No,0.0,0,1142.46
620,HP,15,Intel,Core i7,8.0,16,DDR4,128,1025,Windows,64,4,Casual,15.12,1,No,No,0.0,0,1421.43
621,MSI,GF63,Intel,Core i7,10.0,8,DDR4,256,1025,Windows,64,4,Casual,15.6,2,No,No,4.3,794,777.8
622,ASUS,VivoBook,Intel,Core i7,10.0,16,DDR4,256,1025,Windows,64,4,Gaming,15.6,0,No,No,4.2,25,814.27
623,ASUS,Missing,Intel,Core i7,11.0,16,DDR4,256,1025,Windows,32,0,ThinNlight,15.12,0,No,No,0.0,0,1002.8
624,acer,Predator,Intel,Core i7,10.0,16,DDR4,256,1025,Windows,64,6,Casual,16.0,1,No,No,4.6,2038,1458.49
625,MSI,WF65,Intel,Core i7,10.0,16,DDR4,256,1025,Windows,64,4,Casual,16.0,3,No,No,0.0,0,1944.69
626,ASUS,Pro,Intel,Core i7,8.0,16,DDR4,256,1025,Windows,64,0,ThinNlight,15.12,0,No,No,0.0,0,1202.29
627,acer,Predator,Intel,Core i7,11.0,16,DDR4,512,1025,Windows,64,4,Casual,15.6,1,No,No,4.5,214,1130.3
628,acer,Predator,Intel,Core i7,11.0,16,DDR4,512,1025,Windows,32,6,Casual,15.6,1,No,No,4.5,342,1458.49
629,acer,Predator,Intel,Core i9,11.0,32,DDR4,1024,0,Windows,64,8,Casual,15.6,1,No,No,0.0,0,2066.25
630,acer,Predator,Intel,Core i9,11.0,16,DDR4,1024,0,Windows,64,6,Casual,15.6,1,No,No,0.0,0,1701.59
631,MSI,Creator,Intel,Core i9,11.0,16,DDR4,1024,0,Windows,64,6,Casual,16.0,0,No,No,0.0,0,2345.81
632,ASUS,ROG,Intel,Core i9,12.0,16,DDR5,1024,0,Windows,64,6,Casual,15.12,0,No,No,0.0,0,3646.41
633,ASUS,Missing,Intel,Core i9,10.0,16,DDR4,1024,0,Windows,64,6,Casual,15.12,1,Yes,No,4.8,8,3281.76
634,ASUS,ASUS,Intel,Core i9,11.0,16,DDR4,1024,0,Windows,64,6,Gaming,15.6,1,No,No,0.0,0,1701.59
635,Lenovo,Missing,Intel,Core i9,10.0,16,DDR4,1024,0,Windows,32,8,Casual,15.6,0,No,No,0.0,0,3233.23
636,ASUS,Zephyrus,Intel,Core i9,11.0,16,DDR4,3072,0,Windows,32,6,Casual,15.12,1,No,No,5.0,1,5372.43
637,Smartron,t.book,Intel,Core m3,7.0,4,DDR3,128,0,Windows,64,0,Casual,12.2,0,Yes,No,3.5,25,522.55
638,MSI,Katana,Intel,Core i5,8.0,8,LPDDR4,0,512,DOS,32,4,Casual,15.12,0,No,No,4.5,218,1057.37
639,acer,Aspire,AMD,Dual Core,3.9,4,DDR4,256,0,Windows,64,0,Casual,15.12,1,No,No,0.0,0,364.53
640,acer,Dual,AMD,Dual Core,3.9,4,DDR4,256,0,Windows,64,0,Casual,15.12,1,No,No,4.0,762,388.84
641,MSI,Pulse,Intel,Core i5,8.0,8,LPDDR4,0,512,DOS,32,6,Casual,15.12,0,No,No,4.6,78,1336.94
642,MSI,Pulse,Intel,Core i5,8.0,8,LPDDR4,0,512,DOS,32,4,Casual,15.12,0,No,No,4.6,5,1332.08
643,ASUS,ROG,Intel,Core i7,10.0,16,LPDDR4X,0,512,DOS,32,6,Casual,15.12,0,No,No,3.0,2,1780.6
644,HP,Chromebook,Intel,Dual Core,10.0,4,DDR4,0,512,DOS,32,0,Casual,15.12,0,No,No,4.6,23,750.52
653,MSI,GF65,Intel,Hexa Core,11.0,16,DDR4,512,0,Windows,64,6,Casual,15.6,2,No,No,4.5,298,935.82
654,MSI,GF63,Intel,Hexa Core,11.0,8,DDR4,256,1025,Windows,64,4,Casual,15.6,2,No,No,4.4,2582,680.56
655,APPLE,MacBook,M1,M1,10.0,8,DDR4,256,0,Mac,64,0,Casual,13.3,1,No,No,4.7,6725,1045.22
656,APPLE,MacBook,M1,M1,10.0,8,DDR4,256,0,Mac,64,0,Casual,13.3,1,No,No,4.8,640,1373.4
657,APPLE,MacBook,M1,M1,10.0,16,DDR4,256,0,Mac,64,0,Casual,13.3,1,No,No,4.7,45,1276.16
658,APPLE,MacBook,M1,M1,10.0,8,DDR4,256,0,Mac,64,0,Casual,13.3,1,No,No,4.8,640,1373.4
659,APPLE,MacBook,M1,M1,10.0,16,DDR4,256,0,Mac,64,0,Casual,13.3,1,No,No,4.8,640,1616.51
660,APPLE,MacBook,M1,M1,10.0,16,DDR4,256,0,Mac,64,0,Casual,13.3,1,No,No,4.7,45,1276.16
661,APPLE,MacBook,M1,M1,10.0,8,DDR4,256,0,Mac,64,0,Casual,13.3,1,No,No,4.7,6725,1045.22
662,APPLE,MacBook,M1,M1,10.0,16,DDR4,512,0,Mac,64,0,Casual,13.3,1,No,No,4.8,640,1823.14
663,APPLE,MacBook,M1,M1,10.0,8,DDR4,512,0,Mac,64,0,Casual,13.3,1,No,No,4.6,399,1531.42
664,APPLE,MacBook,M1,M1,10.0,8,DDR4,512,0,Mac,64,0,Casual,13.3,1,No,No,4.7,809,1264.01
665,APPLE,MacBook,M1,M1,10.0,8,DDR4,512,0,Mac,64,0,Casual,13.3,1,No,No,4.7,809,1239.7
666,APPLE,MacBook,M1,M1,10.0,8,DDR4,512,0,Mac,64,0,Casual,13.3,1,No,No,4.7,6725,1276.16
667,APPLE,MacBook,M1,M1,10.0,8,DDR4,512,0,Mac,64,0,Casual,13.3,1,No,No,4.6,399,1604.35
668,APPLE,MacBook,M1,M1,10.0,16,DDR4,512,0,Mac,64,0,Casual,13.3,1,No,No,4.7,45,1567.89
669,APPLE,MacBook,M1,M1,10.0,16,DDR4,512,0,Mac,64,0,Casual,14.2,1,No,No,4.8,42,2248.57
670,APPLE,MacBook,M1,M1,10.0,16,DDR4,512,0,Mac,64,0,Casual,16.2,1,No,No,4.8,42,2746.93
671,APPLE,MacBook,M1,M1,10.0,4,DDR4,512,0,Mac,64,0,Casual,16.0,1,No,No,4.7,45,1519.27
672,APPLE,MacBook,M1,M1,10.0,8,DDR4,512,0,Mac,64,0,Casual,13.3,1,No,No,4.7,6725,1276.16
673,APPLE,MacBook,M1,M1,10.0,8,DDR4,1024,0,Mac,64,0,Casual,13.3,1,No,No,4.8,640,1823.14
674,APPLE,MacBook,M1,M1,10.0,16,DDR4,1024,0,Mac,64,0,Casual,13.3,1,No,No,4.8,640,2066.25
675,APPLE,MacBook,M1,M1,10.0,16,DDR4,1024,0,Mac,64,0,Casual,14.2,1,No,No,4.8,42,2746.93
676,APPLE,MacBook,M1,M1,10.0,16,DDR4,1024,0,Mac,64,0,Casual,16.2,1,No,No,4.8,42,2965.72
677,APPLE,MacBook,M1,M1,10.0,32,DDR4,1024,0,Mac,64,0,Casual,16.2,1,No,No,5.0,3,3767.96
678,APPLE,MacBook,M1,M1,10.0,16,DDR4,1024,0,Mac,64,0,Casual,14.2,1,No,No,4.8,42,2746.93
680,acer,Missing,Intel,Genuine Windows,10.0,4,DDR4,128,0,DOS,32,4,Casual,15.12,0,No,No,0.0,0,1417.77
681,acer,Predator,Intel,Genuine Windows,10.0,4,DDR4,0,512,DOS,32,4,Casual,15.12,0,No,No,4.5,3227,1580.15
682,ASUS,ASUS,Intel,Pentium Quad,3.0,4,LPDDR4X,0,512,Windows,64,0,Casual,15.12,0,No,No,0.0,0,559.01
683,iball,CompBook,Intel,Pentium Quad,3.0,4,DDR3,0,512,Windows,64,0,Casual,15.12,0,No,No,3.8,1218,170.05
684,ASUS,Pentium,Intel,Pentium Quad,3.0,4,DDR4,128,0,Windows,32,0,Casual,15.12,0,Yes,No,0.0,0,706.21
685,ASUS,ASUS,Intel,Pentium Quad,3.0,8,LPDDR4X,256,0,Windows,64,0,Casual,13.3,1,Yes,No,0.0,0,765.65
686,HP,Pentium,Intel,Pentium Quad,3.0,8,DDR4,256,0,Windows,64,0,ThinNlight,14.0,1,No,Yes,4.1,77,401.0
687,ASUS,VivoBook,Intel,Pentium Quad,3.0,4,DDR4,256,0,Windows,64,0,ThinNlight,15.12,1,No,Yes,4.3,6,413.15
688,acer,Extensa,Intel,Pentium Quad,3.0,4,DDR4,256,0,Windows,64,0,Casual,15.12,1,No,No,4.2,465,376.69
689,DELL,Inspiron,Intel,Pentium Quad,3.0,4,DDR4,256,0,Windows,64,0,ThinNlight,15.12,1,No,No,4.3,102,437.58
690,ASUS,VivoBook,Intel,Pentium Quad,3.0,4,DDR4,256,0,Windows,64,0,ThinNlight,15.12,1,No,Yes,4.3,7,401.0
691,DELL,Inspiron,Intel,Pentium Quad,3.0,4,DDR4,256,0,Windows,64,0,Casual,15.6,1,No,No,0.0,0,437.46
692,ASUS,Pentium,Intel,Pentium Quad,3.0,4,LPDDR4,0,1025,Windows,64,0,Casual,15.6,0,No,No,0.0,0,340.22
693,ASUS,Pentium,Intel,Pentium Quad,3.0,4,DDR4,0,1025,Windows,64,0,Casual,15.6,1,No,No,3.7,4741,315.91
694,ASUS,Pentium,Intel,Pentium Quad,3.0,4,DDR4,0,1025,Windows,64,0,Casual,15.6,1,No,No,3.8,2736,315.91
695,ASUS,Asus,Intel,Pentium Quad,3.0,4,DDR4,0,1025,Windows,64,0,Casual,15.6,0,No,No,0.0,0,374.13
696,ASUS,VivoBook,Intel,Pentium Silver,2.0,4,DDR4,256,0,Windows,64,0,ThinNlight,14.0,0,No,No,4.0,36,364.53
697,ASUS,EeeBook,Intel,Pentium Silver,2.0,4,DDR4,256,0,Windows,64,0,ThinNlight,15.12,0,No,No,3.8,5,388.84
698,Lenovo,Legion,Intel,Genuine Windows,10.0,4,DDR4,0,512,DOS,32,4,Casual,15.12,0,No,No,4.4,208,946.76
699,HP,Ryzen,AMD,Ryzen 3,7.0,8,DDR4,256,0,Windows,64,0,ThinNlight,15.6,1,No,No,4.3,2214,461.77
700,ASUS,Ryzen,AMD,Ryzen 3,7.0,8,DDR4,256,0,Windows,64,0,ThinNlight,15.6,1,No,No,4.3,2886,437.46
701,DELL,Inspiron,AMD,Ryzen 3,7.0,8,DDR4,256,0,Windows,64,0,ThinNlight,15.6,0,No,No,4.3,34,480.0
702,DELL,Inspiron,AMD,Ryzen 3,7.0,8,DDR4,256,0,Windows,64,0,ThinNlight,14.96,0,No,No,4.2,137,449.62
703,DELL,Ryzen,AMD,Ryzen 3,7.0,8,DDR4,256,0,Windows,64,0,ThinNlight,15.6,1,No,No,4.6,7,486.08
704,ASUS,Ryzen,AMD,Ryzen 3,7.0,4,DDR4,256,0,Windows,64,0,ThinNlight,15.6,1,No,No,4.2,170,409.51
705,DELL,Inspiron,AMD,Ryzen 3,7.0,8,DDR4,256,0,Windows,64,0,ThinNlight,15.6,0,No,No,0.0,0,493.38
706,ASUS,VivoBook,AMD,Ryzen 3,7.0,4,DDR4,256,0,Windows,64,0,Casual,15.12,1,No,No,4.2,39,461.77
707,ASUS,VivoBook,AMD,Ryzen 3,7.0,4,DDR4,256,0,Windows,64,0,ThinNlight,15.12,1,No,Yes,4.3,2886,419.35
708,acer,Aspire,AMD,Ryzen 3,7.0,8,DDR4,512,0,Windows,64,0,Casual,15.6,1,No,No,4.6,11,449.62
709,HP,Ryzen,AMD,Ryzen 3,7.0,8,DDR4,512,0,Windows,64,0,ThinNlight,14.0,0,No,No,4.6,163,528.63
710,HP,Ryzen,AMD,Ryzen 3,7.0,8,DDR4,512,0,Windows,64,0,ThinNlight,15.6,1,No,Yes,4.2,153,504.32
711,acer,Aspire,AMD,Ryzen 3,7.0,4,DDR4,512,0,Windows,64,0,Casual,15.6,0,No,No,0.0,0,425.31
712,HP,15s,AMD,Ryzen 3,7.0,4,DDR4,512,0,Windows,64,0,ThinNlight,15.12,1,No,Yes,4.3,267,540.78
713,DELL,Vostro,AMD,Ryzen 3,7.0,4,DDR4,512,0,Windows,64,0,ThinNlight,15.12,0,No,No,0.0,0,493.38
714,DELL,Inspiron,AMD,Ryzen 3,7.0,8,DDR4,512,0,Windows,64,0,ThinNlight,15.6,0,No,No,3.3,3,511.61
715,DELL,Vostro,AMD,Ryzen 3,7.0,8,DDR4,0,1025,Windows,64,0,ThinNlight,14.0,1,No,Yes,4.1,59,437.46
716,HP,15s,AMD,Ryzen 3,7.0,8,DDR4,0,1025,Windows,64,0,ThinNlight,15.6,1,No,Yes,4.2,7291,480.0
717,DELL,Inspiron,AMD,Ryzen 3,7.0,8,DDR4,0,1025,Windows,64,0,ThinNlight,15.6,0,No,No,4.2,38,454.48
718,DELL,Inspiron,AMD,Ryzen 3,7.0,4,DDR4,0,1025,Windows,64,0,ThinNlight,15.12,1,No,Yes,0.0,0,639.75
719,DELL,Inspiron,AMD,Ryzen 3,7.0,4,DDR4,0,1025,Windows,64,0,Casual,15.12,1,No,Yes,4.1,409,486.08
720,DELL,DELL,AMD,Ryzen 3,7.0,4,DDR4,0,1025,Windows,64,0,Casual,15.12,1,No,No,0.0,0,534.7
721,HP,15q,AMD,Ryzen 3,7.0,4,DDR4,0,1025,Windows,64,0,Casual,15.6,1,No,No,4.0,353,400.11
722,Lenovo,Ryzen,AMD,Ryzen 3,7.0,4,DDR4,0,1025,Windows,64,0,Casual,15.6,0,No,No,3.3,38,425.31
723,DELL,Inspiron,AMD,Ryzen 3,7.0,8,DDR4,0,1025,Windows,64,0,ThinNlight,14.96,0,No,No,3.1,18,486.08
724,HP,15s,AMD,Ryzen 3,7.0,8,DDR4,256,1025,Windows,64,0,Casual,15.6,1,No,Yes,4.3,3524,510.5
725,HP,Chromebook,MediaTek,MediaTek Kompanio,10.0,4,DDR4,0,512,DOS,32,0,Casual,15.12,0,No,No,3.8,4623,279.45
726,HP,Chromebook,MediaTek,MediaTek Kompanio,10.0,4,LPDDR4X,0,512,DOS,32,0,Casual,15.12,0,No,No,3.8,4623,273.37
727,HP,Chromebook,MediaTek,MediaTek Kompanio,10.0,4,LPDDR4X,0,512,DOS,32,0,Casual,15.12,0,No,No,3.8,4623,279.45
728,MICROSOFT,Surface,AMD,Ryzen 5,11.0,4,DDR4,128,0,Windows,64,0,Casual,15.12,0,Yes,No,3.8,9,1215.39
729,DELL,Vostro,AMD,Ryzen 5,11.0,8,DDR4,256,0,Windows,64,0,Casual,14.0,1,No,Yes,4.3,939,510.39
730,DELL,Inspiron,AMD,Ryzen 5,11.0,8,DDR4,256,0,Windows,64,0,ThinNlight,15.6,1,No,No,4.2,14,540.78
731,DELL,Inspiron,AMD,Ryzen 5,11.0,8,DDR4,256,0,Windows,64,0,Casual,15.6,1,No,Yes,4.4,649,510.39
732,DELL,Vostro,AMD,Ryzen 5,11.0,8,DDR4,256,0,Windows,64,0,ThinNlight,14.0,1,No,Yes,4.3,8,540.78
733,MSI,Modern,AMD,Ryzen 5,11.0,4,DDR4,256,0,Windows,64,0,Casual,15.12,1,No,No,0.0,0,607.63
734,DELL,Inspiron,AMD,Ryzen 5,11.0,4,DDR4,256,0,Windows,64,0,ThinNlight,15.12,1,No,No,4.0,276,539.56
735,HP,Pavilion,AMD,Ryzen 5,11.0,8,DDR4,512,0,Windows,64,4,Casual,15.6,1,No,No,4.5,4740,704.87
736,Lenovo,IdeaPad,AMD,Ryzen 5,11.0,8,DDR4,512,0,Windows,64,4,Gaming,15.6,1,No,Yes,4.5,162,692.72
737,Lenovo,IdeaPad,AMD,Ryzen 5,11.0,8,DDR4,512,0,Windows,64,0,ThinNlight,15.6,1,No,No,4.4,219,595.48
738,HP,Ryzen,AMD,Ryzen 5,11.0,8,DDR4,512,0,Windows,64,0,ThinNlight,14.0,1,No,Yes,4.5,193,607.39
739,MSI,Modern,AMD,Ryzen 5,11.0,8,DDR4,512,0,Windows,64,0,Casual,14.0,0,No,No,4.6,562,583.32
740,HP,Ryzen,AMD,Ryzen 5,11.0,8,DDR4,512,0,Windows,64,0,ThinNlight,15.6,1,No,Yes,4.4,45,595.48
741,acer,Swift,AMD,Ryzen 5,11.0,8,LPDDR4X,512,0,Windows,64,0,ThinNlight,14.0,1,No,No,4.9,7,656.25
742,Lenovo,IdeaPad,AMD,Ryzen 5,11.0,8,DDR4,512,0,Windows,64,0,Casual,15.6,1,No,Yes,4.2,39,644.1
743,acer,Aspire,AMD,Ryzen 5,11.0,8,DDR4,512,0,Windows,64,0,Casual,15.6,1,No,No,0.0,0,534.7
744,Lenovo,Ideapad,AMD,Ryzen 5,11.0,8,DDR4,512,0,Windows,64,4,Gaming,15.6,0,No,No,4.5,92,723.11
745,MSI,Bravo,AMD,Ryzen 5,11.0,8,DDR4,512,0,Windows,64,4,Casual,15.6,0,No,No,4.5,469,789.96
746,DELL,Vostro,AMD,Ryzen 5,11.0,8,DDR4,512,0,Windows,64,0,ThinNlight,14.0,0,No,No,2.5,2,577.25
747,HP,HP,AMD,Ryzen 5,11.0,8,DDR4,512,0,Windows,64,4,Casual,15.6,1,No,No,4.4,1978,729.18
748,Lenovo,Legion,AMD,Ryzen 5,11.0,8,DDR4,512,0,Windows,64,4,Casual,15.6,0,No,No,4.3,9,850.74
749,HP,15-ec1105AX,AMD,Ryzen 5,11.0,8,DDR4,512,0,Windows,64,4,Casual,15.6,1,No,No,4.5,1049,717.03
750,DELL,Vostro,AMD,Ryzen 5,11.0,8,DDR4,512,0,Windows,64,0,ThinNlight,14.0,1,No,No,4.6,74,723.11
751,HP,Pavilion,AMD,Ryzen 5,11.0,16,DDR4,512,0,Windows,64,0,ThinNlight,15.6,1,No,Yes,4.4,196,820.47
752,HP,Ryzen,AMD,Ryzen 5,11.0,8,DDR4,512,0,Windows,32,0,Casual,15.6,0,No,No,4.6,17,595.48
753,ASUS,VivoBook,AMD,Ryzen 5,11.0,8,DDR4,512,0,Windows,64,0,Casual,14.0,1,Yes,Yes,4.4,172,759.09
754,ASUS,VivoBook,AMD,Ryzen 5,11.0,8,DDR4,512,0,Windows,64,0,Casual,14.0,1,No,No,4.4,324,717.03
755,ASUS,APU,AMD,Quad,10.0,4,DDR4,0,512,DOS,32,0,Casual,15.12,0,No,No,4.0,2887,242.98
756,HP,Pavilion,AMD,Ryzen 5,11.0,8,DDR4,512,0,Windows,64,0,ThinNlight,15.6,1,No,Yes,4.5,86,704.98
757,ASUS,VivoBook,AMD,Ryzen 5,11.0,16,DDR4,512,0,Windows,64,0,Casual,15.6,0,No,No,4.8,4,692.72
758,HP,Pavilion,AMD,Ryzen 5,11.0,8,DDR4,512,0,Windows,64,4,Casual,15.6,1,No,Yes,4.7,16,887.2
759,HP,Pavilion,AMD,Ryzen 5,11.0,16,DDR4,512,0,Windows,64,0,Casual,13.3,1,No,Yes,4.4,104,802.11
760,HP,Envy,AMD,Ryzen 5,11.0,16,DDR4,512,0,Windows,64,0,Casual,13.3,1,Yes,Yes,0.0,0,1191.44
761,HP,Pavilion,AMD,Ryzen 5,11.0,16,DDR4,512,0,Windows,64,2,Casual,14.0,1,No,Yes,4.2,90,777.8
762,ASUS,Ryzen,AMD,Ryzen 5,11.0,8,DDR4,512,0,Windows,32,0,ThinNlight,15.6,1,No,Yes,4.7,6,606.42
763,DELL,Inspiron,AMD,Ryzen 5,11.0,8,DDR4,512,0,Windows,64,0,ThinNlight,15.6,1,No,Yes,4.4,47,607.63
764,DELL,Vostro,AMD,Ryzen 5,11.0,8,DDR4,512,0,Windows,64,0,ThinNlight,14.0,1,No,Yes,0.0,0,723.11
765,HP,Envy,AMD,Ryzen 5,11.0,8,DDR4,512,0,Windows,64,0,Casual,13.3,1,Yes,Yes,4.6,206,899.47
766,DELL,Inspiron,AMD,Ryzen 5,11.0,4,DDR4,512,0,Windows,64,0,ThinNlight,15.12,1,No,Yes,4.4,183,741.34
767,DELL,G5,AMD,Ryzen 5,11.0,4,DDR4,512,0,Windows,64,6,Casual,15.12,0,No,No,4.4,358,926.1
768,Lenovo,Yoga,AMD,Ryzen 5,11.0,4,LPDDR4X,512,0,Windows,64,0,ThinNlight,16.0,3,Yes,Yes,0.0,0,909.18
769,ASUS,VivoBook,AMD,Ryzen 5,11.0,4,DDR4,512,0,Windows,64,0,Casual,15.12,1,No,No,4.3,88,717.03
770,HP,Ryzen,AMD,Ryzen 5,11.0,4,DDR4,512,0,Windows,32,4,Casual,15.12,0,No,No,0.0,0,827.76
771,Lenovo,Yoga,AMD,Ryzen 5,11.0,4,DDR4,512,0,Windows,64,0,ThinNlight,16.0,1,Yes,Yes,0.0,0,947.98
772,HP,Pavilion,AMD,Ryzen 5,11.0,4,DDR4,512,0,Windows,64,0,ThinNlight,15.12,1,No,Yes,4.4,364,669.62
773,ASUS,Zenbook,AMD,Ryzen 5,11.0,4,LPDDR4X,512,0,Windows,64,0,Casual,16.0,0,Yes,No,0.0,0,1118.15
774,HP,Pavilion,AMD,Ryzen 5,11.0,4,DDR4,512,0,Windows,64,0,Casual,16.0,1,No,Yes,0.0,0,1023.56
775,acer,Aspire,AMD,Ryzen 5,11.0,4,DDR4,512,0,Windows,64,0,Casual,15.12,1,No,No,4.4,313,546.86
776,HP,15s,AMD,Ryzen 5,11.0,4,DDR4,512,0,Windows,64,0,ThinNlight,15.12,1,No,Yes,4.4,826,650.18
777,Lenovo,Legion,AMD,Ryzen 5,11.0,4,DDR4,512,0,Windows,64,4,Casual,15.12,0,No,No,0.0,0,929.84
778,DELL,Ryzen,AMD,Ryzen 5,11.0,4,DDR4,512,0,Windows,64,4,Casual,15.12,1,No,No,0.0,0,1202.38
779,MSI,Modern,AMD,Ryzen 5,11.0,4,DDR4,512,0,Windows,64,0,Casual,15.12,0,No,No,4.4,1410,668.41
780,acer,Aspire,AMD,Ryzen 5,11.0,4,DDR4,512,0,Windows,64,0,Casual,15.12,1,No,No,4.4,47,607.63
781,HP,Ryzen,AMD,Ryzen 5,11.0,4,DDR4,512,0,Windows,32,0,Casual,15.12,0,No,No,0.0,0,636.68
782,acer,Aspire,AMD,Ryzen 5,11.0,4,DDR4,512,0,Windows,64,0,ThinNlight,15.12,1,No,No,4.5,6,607.63
783,HP,14s,AMD,Ryzen 5,11.0,4,DDR4,512,0,Windows,64,0,ThinNlight,15.12,1,No,Yes,4.3,741,638.14
784,Vaio,E,AMD,Ryzen 5,11.0,4,DDR4,512,0,Windows,64,0,ThinNlight,15.12,2,No,Yes,4.1,700,602.77
785,ASUS,Ryzen,AMD,Ryzen 5,11.0,4,DDR4,512,0,Windows,64,0,ThinNlight,15.12,1,No,Yes,4.5,14,607.63
786,acer,Aspire,AMD,Ryzen 5,11.0,4,DDR4,512,0,Windows,64,0,ThinNlight,15.12,1,No,No,0.0,0,923.78
787,ASUS,AMD,AMD,Ryzen 5,11.0,4,DDR4,512,0,Windows,64,0,Casual,16.0,1,No,No,0.0,0,984.44
788,Lenovo,IDEAPAD,AMD,Ryzen 5,11.0,4,DDR4,512,0,Windows,32,0,Casual,15.12,1,No,No,3.7,3,728.09
789,HP,15s,AMD,Ryzen 5,11.0,4,DDR4,512,0,Windows,64,0,ThinNlight,15.12,1,No,Yes,4.4,349,663.55
790,DELL,Inspiron,AMD,Ryzen 5,11.0,4,DDR4,512,0,Windows,64,0,Casual,15.12,1,Yes,Yes,0.0,0,917.71
791,HP,Ryzen,AMD,Ryzen 5,11.0,8,DDR4,512,0,Windows,64,0,ThinNlight,15.6,1,No,Yes,4.3,519,630.73
792,ASUS,VivoBook,AMD,Ryzen 5,11.0,16,DDR4,512,0,Windows,64,0,Casual,17.3,1,No,No,2.7,3,948.1
793,Vaio,E,AMD,Ryzen 5,11.0,8,DDR4,512,0,Windows,64,0,ThinNlight,15.6,2,No,Yes,4.1,700,619.79
794,HP,Pavilion,AMD,Ryzen 5,11.0,16,DDR4,512,0,Windows,64,0,ThinNlight,14.0,1,No,Yes,4.1,19,729.29
795,HP,Pavilion,AMD,Ryzen 5,11.0,8,DDR4,512,0,Windows,64,4,Gaming,15.6,1,No,Yes,3.8,8,789.96
796,DELL,Ryzen,AMD,Ryzen 5,11.0,4,DDR4,1024,0,Windows,32,0,Casual,15.12,0,No,No,4.7,3,703.78
797,Lenovo,Yoga,AMD,Ryzen 5,11.0,4,LPDDR4X,1024,0,Windows,64,0,ThinNlight,16.0,3,Yes,Yes,0.0,0,996.45
798,HP,Pavilion,AMD,Ryzen 5,11.0,4,DDR4,0,1025,Windows,64,4,Gaming,15.12,1,No,No,4.1,1480,729.18
799,DELL,Inspiron,AMD,Ryzen 5,11.0,8,DDR4,256,1025,Windows,64,0,Casual,15.6,0,No,No,4.0,31,601.56
800,ASUS,VivoBook,AMD,Ryzen 5,11.0,8,DDR4,256,1025,Windows,64,0,Casual,15.6,1,No,No,4.5,18,668.41
801,Lenovo,Legion,AMD,Ryzen 5,11.0,8,DDR4,256,1025,Windows,64,4,Casual,15.6,0,No,No,4.5,271,832.62
802,ASUS,VivoBook,AMD,Ryzen 5,11.0,8,DDR4,256,1025,Windows,64,0,Casual,15.6,1,No,No,4.6,49,668.41
803,ASUS,VivoBook,AMD,Ryzen 5,11.0,8,DDR4,256,1025,Windows,32,0,Casual,15.6,1,No,Yes,4.4,474,668.41
804,Lenovo,Ideapad,AMD,Ryzen 5,11.0,8,DDR4,256,1025,Windows,64,0,Gaming,15.6,1,No,Yes,4.5,861,777.8
805,HP,Pavilion,AMD,Ryzen 5,11.0,4,DDR4,256,1025,Windows,64,4,Gaming,15.12,1,No,No,4.6,34,972.41
806,DELL,Ryzen,AMD,Ryzen 5,11.0,4,DDR4,256,1025,Windows,32,0,Casual,15.12,0,No,No,0.0,0,631.94
807,ASUS,VivoBook,AMD,Ryzen 5,11.0,4,DDR4,256,1025,Windows,64,0,Casual,15.12,1,No,Yes,4.2,165,765.65
808,HP,Ryzen,AMD,Ryzen 5,11.0,4,DDR4,256,1025,Windows,64,0,ThinNlight,15.12,1,No,No,4.4,698,644.1
809,ASUS,Ryzen,AMD,Ryzen 5,11.0,4,DDR4,256,1025,Windows,64,0,ThinNlight,15.12,1,No,Yes,0.0,0,912.85
810,ASUS,ASUS,AMD,Ryzen 7,10.0,16,DDR4,512,0,Windows,32,4,Gaming,17.3,0,No,No,4.8,22,935.82
811,ASUS,Ryzen,AMD,Ryzen 7,10.0,16,DDR4,512,0,Windows,64,4,Casual,14.0,1,No,No,0.0,0,972.29
812,ASUS,ROG,AMD,Ryzen 7,10.0,8,DDR4,512,0,Windows,64,4,Casual,15.6,0,No,No,4.5,144,875.05
813,ASUS,ROG,AMD,Ryzen 7,10.0,8,DDR4,512,0,Windows,64,4,Casual,15.6,0,No,No,4.5,1810,875.05
814,Lenovo,Lenovo,AMD,Ryzen 7,10.0,16,DDR4,512,0,Windows,64,4,Casual,15.6,1,No,Yes,4.6,26,1215.39
815,ASUS,Ryzen,AMD,Ryzen 7,10.0,16,DDR4,512,0,Windows,64,0,Casual,14.0,1,No,No,0.0,0,972.29
816,DELL,Ryzen,AMD,Ryzen 7,10.0,16,DDR4,512,0,Windows,64,4,Casual,15.6,1,No,No,0.0,0,1142.46
817,ASUS,ASUS,AMD,Ryzen 7,10.0,16,DDR4,512,0,Windows,64,4,Gaming,17.3,0,No,No,4.6,1067,1008.75
818,ASUS,ROG,AMD,Ryzen 7,10.0,4,DDR5,512,0,Windows,64,4,Casual,16.0,0,No,No,0.0,0,1300.47
819,ASUS,VivoBook,AMD,Ryzen 7,10.0,4,DDR4,512,0,Windows,64,0,Casual,16.0,1,No,No,4.7,25,1130.3
821,ASUS,VivoBook,AMD,Ryzen 7,10.0,4,DDR4,512,0,Windows,64,0,Casual,16.0,1,No,Yes,0.0,0,692.72
822,MSI,Modern,AMD,Ryzen 7,10.0,4,DDR4,512,0,Windows,64,0,Casual,15.12,0,No,No,0.0,0,789.96
823,Lenovo,Ideapad,AMD,Ryzen 7,10.0,4,DDR4,512,0,Windows,64,0,Casual,15.12,1,No,Yes,4.4,530,741.34
824,Lenovo,Ryzen,AMD,Ryzen 7,10.0,4,DDR4,512,0,Windows,64,4,Casual,16.0,1,No,Yes,0.0,0,1033.04
825,HP,Pavilion,AMD,Ryzen 7,10.0,4,DDR4,512,0,Windows,64,4,Casual,16.0,1,No,No,4.6,273,1105.99
826,Vaio,E,AMD,Ryzen 7,10.0,4,DDR4,512,0,Windows,64,0,ThinNlight,15.12,2,No,Yes,3.8,139,692.72
827,ASUS,VivoBook,AMD,Ryzen 7,10.0,4,DDR4,512,0,Windows,64,0,Casual,15.12,1,No,No,4.2,77,777.8
828,Lenovo,Ideapad,AMD,Ryzen 7,10.0,4,DDR4,512,0,Windows,64,0,Casual,15.12,1,No,Yes,4.4,105,777.8
829,HP,Ryzen,AMD,Ryzen 7,10.0,4,DDR4,512,0,Windows,64,0,ThinNlight,15.12,1,No,Yes,4.1,44,704.98
830,ASUS,Ryzen,AMD,Ryzen 7,10.0,4,DDR4,512,0,Windows,32,4,Casual,15.12,0,No,No,0.0,0,880.03
831,Lenovo,Yoga,AMD,Ryzen 7,10.0,4,DDR4,512,0,Windows,64,0,Casual,16.0,1,Yes,No,4.7,6,960.13
832,acer,Aspire,AMD,Ryzen 7,10.0,4,DDR4,512,0,Windows,64,0,ThinNlight,15.12,1,No,No,0.0,0,729.18
833,ASUS,ROG,AMD,Ryzen 7,10.0,4,DDR5,512,0,Windows,32,4,Casual,16.0,1,No,No,0.0,0,1361.25
834,HP,Ryzen,AMD,Ryzen 7,10.0,4,DDR4,512,0,Windows,32,0,Casual,16.0,0,Yes,No,0.0,0,1324.91
835,DELL,G5,AMD,Ryzen 7,10.0,4,DDR4,512,0,Windows,64,6,Casual,16.0,0,No,No,4.1,191,1093.84
836,Lenovo,Yoga,AMD,Ryzen 7,10.0,4,DDR4,512,0,Windows,64,0,Casual,16.0,3,Yes,Yes,0.0,0,960.11
837,Lenovo,Ryzen,AMD,Ryzen 7,10.0,4,DDR4,512,0,Windows,64,4,Casual,16.0,0,No,No,3.0,4,889.0
838,Lenovo,Ryzen,AMD,Ryzen 7,10.0,4,DDR4,512,0,Windows,64,4,Casual,16.0,1,No,No,0.0,0,1300.47
839,ASUS,Ryzen,AMD,Ryzen 7,10.0,4,DDR4,512,0,Windows,32,4,Casual,15.12,0,No,No,0.0,0,972.29
840,DELL,Inspiron,AMD,Ryzen 7,10.0,4,DDR4,512,0,Windows,64,0,Casual,16.0,1,Yes,Yes,0.0,0,1088.73
841,HP,15s,AMD,Ryzen 7,10.0,4,DDR4,512,0,Windows,64,0,ThinNlight,15.12,1,No,Yes,4.5,134,832.62
842,Lenovo,Ideapad,AMD,Ryzen 7,10.0,16,DDR4,512,0,Windows,64,0,Casual,14.0,1,No,No,0.0,0,892.18
843,Vaio,E,AMD,Ryzen 7,10.0,8,DDR4,512,0,Windows,64,0,ThinNlight,15.6,2,No,Yes,3.8,139,704.87
844,HP,Pavilion,AMD,Ryzen 7,10.0,16,DDR4,512,0,Windows,64,2,Casual,14.0,1,No,Yes,3.5,23,972.29
845,HP,Pavilion,AMD,Ryzen 7,10.0,16,DDR4,512,0,Windows,64,4,Gaming,15.6,1,No,Yes,2.8,4,1033.06
846,MSI,Alpha,AMD,Ryzen 7,10.0,16,DDR4,1024,0,Windows,64,8,Casual,15.6,1,No,No,4.7,108,1215.39
847,ASUS,ROG,AMD,Ryzen 7,10.0,8,LPDDR4X,1024,0,Windows,64,4,Casual,14.0,0,No,No,4.6,198,887.2
848,HP,HP,AMD,Ryzen 7,10.0,16,DDR4,1024,0,Windows,64,0,ThinNlight,13.3,1,Yes,Yes,0.0,0,1130.3
849,HP,Pavilion,AMD,Ryzen 7,10.0,16,DDR4,1024,0,Windows,64,0,ThinNlight,13.3,1,No,Yes,0.0,0,1023.34
850,ASUS,Zenbook,AMD,Ryzen 7,10.0,16,LPDDR4X,1024,0,Windows,64,0,Casual,14.0,0,Yes,No,0.0,0,1373.4
851,ASUS,ROG,AMD,Ryzen 7,10.0,4,DDR5,1024,0,Windows,32,4,Casual,16.0,1,No,No,0.0,0,1397.71
852,acer,Swift,AMD,Ryzen 7,10.0,4,DDR4,1024,0,Windows,64,4,Casual,16.0,1,No,No,0.0,0,1215.39
853,ASUS,TUF,AMD,Ryzen 7,10.0,4,DDR4,1024,0,Windows,32,4,Gaming,15.12,0,No,No,4.7,57,1166.77
854,HP,OMEN,AMD,Ryzen 7,10.0,4,DDR4,1024,0,Windows,64,8,Casual,16.0,1,No,No,4.8,17,1944.69
855,ASUS,ROG,AMD,Ryzen 7,10.0,4,DDR4,1024,0,Windows,64,0,Casual,15.12,1,No,Yes,0.0,0,935.82
856,Lenovo,Legion,AMD,Ryzen 7,10.0,4,DDR4,1024,0,Windows,64,6,Casual,16.0,1,No,Yes,0.0,0,1592.2
857,ASUS,VivoBook,AMD,Ryzen 7,10.0,4,DDR4,1024,0,Windows,64,0,Casual,16.0,1,No,No,0.0,0,1215.39
858,ASUS,ROG,AMD,Ryzen 7,10.0,4,DDR5,1024,0,Windows,64,4,Casual,16.0,0,No,No,0.0,0,1373.4
859,Lenovo,Ideapad,AMD,Ryzen 7,10.0,4,DDR4,1024,0,Windows,64,0,Casual,16.0,1,No,Yes,0.0,0,947.95
860,ASUS,ROG,AMD,Ryzen 7,10.0,4,DDR4,1024,0,Windows,64,0,Casual,15.12,1,No,Yes,5.0,1,923.79
861,ASUS,ROG,AMD,Ryzen 7,10.0,4,LPDDR4X,1024,0,Windows,64,4,Casual,16.0,1,Yes,No,4.4,77,1215.39
862,ASUS,Zephyrus,AMD,Ryzen 7,10.0,4,DDR4,1024,0,Windows,64,0,Casual,15.12,1,No,No,0.0,0,1349.22
863,ASUS,Ryzen,AMD,Ryzen 7,10.0,16,LPDDR4X,1024,0,Windows,64,0,ThinNlight,13.3,1,No,Yes,3.0,2,1032.82
864,HP,Pavilion,AMD,Ryzen 7,10.0,16,DDR4,256,1025,Windows,64,4,Gaming,15.6,1,No,Yes,4.5,1084,923.67
865,acer,Nitro,AMD,Ryzen 7,10.0,16,DDR4,256,1025,Windows,64,6,Casual,15.6,1,No,No,4.4,272,1093.84
866,acer,Nitro,AMD,Ryzen 7,10.0,16,DDR4,256,1025,Windows,64,4,Casual,15.6,0,No,No,4.5,141,996.6
867,Lenovo,Ryzen,AMD,Ryzen 7,10.0,4,DDR4,512,1025,Windows,32,0,Casual,16.0,0,No,No,0.0,0,978.36
868,ASUS,ROG,AMD,Ryzen 9,9.0,16,DDR4,1024,0,Windows,64,6,Casual,15.6,1,No,No,0.0,0,1652.97
869,ASUS,ROG,AMD,Ryzen 9,9.0,16,DDR4,1024,0,Windows,32,0,Casual,15.6,1,No,No,4.6,194,1883.92
870,ASUS,ROG,AMD,Ryzen 9,9.0,16,DDR4,1024,0,Windows,64,8,Casual,15.6,1,No,Yes,4.7,9,2430.9
871,ASUS,ROG,AMD,Ryzen 9,9.0,16,DDR4,1024,0,Windows,64,4,Casual,15.6,0,No,No,4.6,28,1397.71
872,ASUS,ROG,AMD,Ryzen 9,9.0,16,DDR4,1024,0,Windows,64,6,Casual,15.6,1,No,Yes,4.3,204,1580.04
873,ASUS,ROG,AMD,Ryzen 9,9.0,16,LPDDR4X,1024,0,Windows,64,4,Casual,13.4,1,Yes,Yes,4.3,32,1397.71
874,MSI,Delta,AMD,Ryzen 9,9.0,4,DDR4,1024,0,Windows,64,0,Casual,16.0,0,No,No,0.0,0,1786.68
875,ASUS,VivoBook,AMD,Ryzen 9,9.0,4,DDR4,1024,0,Windows,64,0,Casual,16.0,1,No,No,4.5,14,1276.16
876,ASUS,ROG,AMD,Ryzen 9,9.0,4,LPDDR4X,1024,0,Windows,64,4,Casual,16.0,1,Yes,No,4.7,14,1397.71
877,ASUS,ROG,AMD,Ryzen 9,9.0,4,LPDDR4X,1024,0,Windows,64,4,Casual,16.0,1,Yes,Yes,5.0,3,1519.27
878,ASUS,Zenbook,AMD,Ryzen 9,9.0,4,LPDDR4X,1024,0,Windows,64,0,Casual,16.0,0,Yes,No,0.0,0,1640.82
879,HP,OMEN,AMD,Ryzen 9,9.0,4,DDR4,1024,0,Windows,64,8,Casual,16.0,1,No,Yes,0.0,0,1725.9
880,ASUS,Rog,AMD,Ryzen 9,9.0,4,DDR4,1024,0,Windows,64,0,Casual,16.0,1,No,No,0.0,0,1580.04
881,ASUS,ROG,AMD,Ryzen 9,9.0,4,LPDDR4X,1024,0,Windows,64,4,Casual,15.12,1,Yes,Yes,4.0,4,1738.06
882,ASUS,Zephyrus,AMD,Ryzen 9,9.0,4,DDR4,1024,0,Windows,64,0,Casual,16.0,1,No,No,0.0,0,1482.8
883,ASUS,ROG,AMD,Ryzen 9,9.0,4,LPDDR4X,1024,0,Windows,64,4,Casual,15.12,1,Yes,Yes,4.2,44,1519.27
884,ASUS,ROG,AMD,Ryzen 9,9.0,4,DDR4,1024,0,Windows,64,6,Casual,16.0,0,No,No,4.2,61,1725.9
885,ASUS,VivoBook,AMD,Ryzen 9,9.0,4,DDR4,1024,0,Windows,64,4,Casual,16.0,1,No,No,0.0,0,1981.16
886,ASUS,VivoBook,AMD,Ryzen 9,9.0,4,DDR4,1024,0,Windows,64,0,Casual,16.0,1,No,No,0.0,0,1586.24
887,ASUS,VivoBook,AMD,Ryzen 9,9.0,4,DDR4,1024,0,Windows,64,4,Casual,15.12,0,No,No,0.0,0,1422.03
888,ASUS,Ryzen,AMD,Ryzen 9,9.0,4,DDR4,1024,0,Windows,32,6,Casual,16.0,0,No,No,0.0,0,1689.44
889,ASUS,ROG,AMD,Ryzen 9,9.0,4,LPDDR4X,1024,0,Windows,64,4,Casual,15.12,1,Yes,Yes,0.0,0,2856.33
890,ASUS,ROG,AMD,Ryzen 9,9.0,4,DDR4,1024,0,Windows,64,0,Casual,16.0,1,No,No,0.0,0,1652.97
891,ASUS,ROG,AMD,Ryzen 9,9.0,4,DDR4,1024,0,Windows,64,0,Casual,16.0,1,No,No,0.0,0,1762.37
892,ASUS,Ryzen,AMD,Ryzen 9,9.0,4,DDR4,1024,0,Windows,64,4,Casual,15.12,1,No,No,0.0,0,1823.14
893,ASUS,Ryzen,AMD,Ryzen 9,9.0,4,DDR4,1024,0,Windows,64,4,Casual,16.0,1,No,No,0.0,0,1738.06
894,SAMSUNG,Galaxy,Qualcomm,Snapdragon 7c,,4,LPDDR4X,0,512,Windows,32,0,Casual,15.12,0,No,No,0.0,0,473.93
895,Lenovo,Thinkpad,AMD,Ryzen 5,11.0,8,DDR4,512,0,DOS,64,0,ThinNlight,14.0,0,No,No,4.2,18,698.8
